order_id,user_id,product_id,quantity,order_date
1,881,43,1,2025-05-09
2,527,31,3,2025-05-01
3,686,63,2,2025-02-15
4,553,17,5,2025-05-21
5,591,61,2,2024-12-23
6,804,61,4,2025-05-02
7,195,13,1,2025-09-25
8,675,56,3,2024-12-23
9,434,53,4,2025-05-12
10,885,94,1,2025-08-23
11,690,84,1,2025-01-20
12,63,52,3,2025-06-26
13,820,14,2,2025-07-03
14,197,25,5,2025-05-13
15,460,18,4,2024-10-20
16,188,36,4,2025-02-13
17,256,10,4,2025-01-15
18,828,71,1,2024-11-23
19,52,84,5,2024-12-12
20,857,2,1,2024-10-12
21,949,97,2,2025-09-01
22,171,53,4,2025-05-05
23,493,28,4,2025-09-10
24,925,8,2,2025-06-26
25,389,1,4,2025-01-27
26,272,59,3,2025-01-08
27,434,90,5,2025-05-22
28,678,92,4,2025-07-04
29,159,25,3,2025-04-07
30,223,8,5,2025-09-21
31,754,70,1,2025-05-24
32,766,41,1,2025-01-12
33,52,75,4,2024-10-07
34,515,68,2,2025-08-04
35,59,66,1,2025-01-28
36,872,24,1,2024-12-26
37,610,9,2,2025-04-14
38,414,16,5,2025-08-26
39,253,75,5,2025-05-30
40,41,80,1,2024-12-28
41,430,85,5,2025-06-07
42,579,67,3,2025-06-19
43,958,34,2,2025-05-09
44,686,92,3,2025-02-15
45,245,34,4,2025-01-24
46,135,86,3,2025-03-09
47,469,41,1,2024-10-01
48,10,59,5,2025-08-13
49,577,13,1,2024-10-24
50,551,28,5,2024-12-08
51,272,17,3,2025-05-19
52,903,9,2,2024-11-19
53,379,37,2,2024-12-12
54,449,70,3,2024-11-01
55,627,84,5,2025-05-03
56,9,86,5,2025-07-30
57,307,85,1,2025-09-05
58,962,18,3,2024-12-24
59,119,14,5,2024-10-27
60,160,35,3,2025-06-21
61,620,27,3,2025-01-20
62,209,88,3,2025-06-20
63,518,63,3,2024-12-27
64,928,7,1,2024-12-02
65,650,55,3,2024-12-29
66,46,1,3,2025-01-11
67,790,17,3,2025-03-12
68,166,95,4,2025-05-19
69,565,91,4,2025-01-06
70,575,2,1,2025-07-11
71,78,89,2,2024-10-28
72,559,5,3,2025-09-19
73,597,71,2,2025-02-21
74,441,17,1,2024-11-29
75,316,47,1,2025-03-09
76,921,46,2,2025-04-01
77,699,32,1,2025-06-24
78,363,100,5,2025-07-04
79,906,53,5,2025-07-25
80,768,20,2,2025-07-16
81,886,21,2,2024-10-06
82,903,53,1,2025-02-15
83,184,95,3,2025-08-07
84,802,53,2,2025-07-03
85,274,21,1,2025-09-01
86,392,5,4,2025-05-04
87,228,26,4,2024-11-23
88,359,40,2,2025-06-21
89,229,4,2,2025-01-01
90,409,43,3,2025-03-17
91,886,9,3,2025-03-14
92,360,83,5,2025-02-13
93,410,87,5,2025-05-08
94,340,4,1,2024-10-25
95,899,34,2,2024-11-18
96,595,34,1,2025-03-19
97,112,77,4,2024-11-24
98,354,94,3,2024-12-07
99,447,78,5,2024-10-03
100,119,50,5,2025-03-31
101,195,33,1,2025-06-21
102,726,56,1,2025-03-27
103,533,69,2,2025-09-02
104,373,56,1,2025-09-08
105,972,86,3,2025-09-19
106,639,41,1,2025-02-12
107,738,39,5,2025-03-27
108,317,86,4,2025-05-21
109,335,52,3,2025-05-02
110,568,17,2,2025-02-25
111,431,86,4,2024-10-13
112,694,96,2,2025-09-01
113,631,73,3,2025-02-16
114,416,71,1,2025-04-24
115,312,37,2,2024-12-09
116,441,75,5,2025-03-07
117,671,42,4,2024-12-31
118,453,57,2,2025-08-29
119,524,61,2,2025-06-20
120,675,11,3,2025-04-03
121,528,85,5,2025-03-26
122,344,12,2,2025-06-07
123,689,40,2,2025-06-10
124,826,26,2,2025-05-25
125,26,6,2,2025-09-03
126,487,79,1,2025-06-25
127,467,54,5,2024-12-26
128,200,92,4,2024-10-11
129,507,52,2,2025-07-23
130,152,84,1,2025-05-17
131,915,97,1,2025-06-03
132,798,55,2,2025-06-11
133,181,90,5,2025-05-23
134,476,7,5,2025-01-02
135,256,16,4,2025-03-14
136,137,60,5,2025-06-05
137,573,77,3,2024-12-31
138,973,97,4,2025-05-07
139,628,93,5,2025-09-12
140,437,71,4,2025-08-02
141,919,21,4,2024-10-03
142,461,34,2,2025-07-08
143,861,82,3,2025-05-22
144,785,100,5,2025-08-30
145,497,81,2,2025-02-21
146,282,57,1,2025-05-01
147,731,37,2,2025-08-24
148,279,43,3,2025-04-06
149,915,70,1,2024-12-07
150,142,20,2,2025-03-02
151,393,89,2,2025-07-29
152,724,28,1,2024-12-30
153,425,53,3,2025-01-17
154,556,60,4,2025-09-18
155,64,27,4,2025-05-28
156,399,99,5,2025-02-16
157,969,90,1,2025-01-19
158,878,98,5,2025-02-26
159,390,62,1,2025-08-15
160,966,46,3,2025-06-22
161,772,50,4,2024-10-31
162,552,96,5,2025-05-19
163,820,78,2,2025-07-10
164,500,29,3,2025-02-02
165,447,63,1,2024-11-20
166,399,44,4,2025-06-30
167,742,22,4,2025-09-04
168,942,17,5,2025-02-21
169,547,4,4,2025-01-19
170,607,73,1,2025-09-25
171,86,83,4,2025-07-24
172,139,60,2,2024-09-29
173,52,34,4,2024-10-24
174,336,28,4,2025-06-10
175,335,44,4,2025-04-09
176,285,97,4,2025-05-26
177,259,11,4,2025-06-24
178,20,96,5,2024-11-30
179,54,45,2,2025-02-13
180,666,9,1,2025-06-13
181,773,4,2,2024-12-10
182,205,3,5,2024-12-04
183,157,31,2,2025-09-11
184,485,86,1,2025-03-12
185,578,28,4,2025-07-24
186,717,33,3,2024-12-05
187,172,78,5,2024-10-20
188,987,96,1,2024-12-04
189,797,21,3,2025-07-03
190,111,75,1,2025-01-01
191,952,40,5,2025-08-25
192,694,49,4,2025-02-25
193,965,92,2,2025-05-16
194,78,76,2,2025-05-15
195,105,90,3,2025-08-12
196,871,88,5,2024-11-28
197,825,16,5,2025-01-14
198,802,6,3,2025-02-14
199,546,55,3,2025-01-08
200,71,65,3,2025-02-01
201,13,54,4,2025-05-01
202,109,56,3,2025-03-22
203,651,59,2,2025-06-02
204,446,23,5,2024-11-04
205,989,84,3,2024-10-21
206,631,69,4,2025-07-01
207,477,56,5,2024-10-01
208,275,42,2,2025-04-30
209,851,12,3,2025-09-25
210,903,58,2,2024-11-03
211,769,60,5,2025-04-08
212,625,86,4,2024-10-01
213,345,4,4,2025-05-07
214,872,42,2,2025-09-25
215,500,28,3,2025-07-04
216,817,34,3,2025-09-05
217,287,77,3,2025-03-21
218,570,2,5,2025-01-30
219,971,25,1,2025-03-05
220,248,93,4,2025-02-11
221,501,72,2,2025-08-20
222,708,61,4,2025-09-29
223,459,3,1,2025-07-24
224,302,29,4,2025-09-08
225,709,32,3,2025-05-30
226,680,75,3,2025-02-14
227,485,71,5,2024-10-19
228,353,55,5,2025-02-06
229,339,46,4,2025-01-27
230,278,40,3,2024-11-04
231,237,16,2,2025-03-15
232,324,16,5,2025-06-11
233,974,98,2,2025-06-21
234,197,28,4,2025-08-19
235,284,93,5,2024-11-18
236,779,68,5,2025-05-07
237,290,13,2,2025-08-13
238,304,30,3,2025-01-09
239,184,39,1,2025-06-11
240,726,69,2,2025-07-24
241,281,6,1,2025-02-10
242,567,38,2,2025-05-13
243,654,97,4,2025-05-28
244,106,2,5,2025-03-21
245,292,61,4,2025-02-27
246,452,44,2,2024-12-06
247,989,7,3,2025-09-24
248,964,62,1,2025-09-14
249,842,9,4,2025-07-23
250,504,10,5,2024-10-05
251,645,88,1,2025-02-07
252,156,20,5,2024-10-15
253,972,39,1,2025-07-21
254,255,16,5,2025-01-26
255,783,54,5,2025-03-10
256,611,80,2,2025-05-09
257,795,67,4,2025-02-22
258,462,57,3,2025-05-11
259,881,76,4,2024-10-28
260,313,73,5,2025-03-04
261,62,79,1,2025-09-04
262,971,98,2,2025-09-04
263,641,28,3,2025-09-25
264,677,11,2,2025-08-08
265,246,23,5,2025-08-26
266,77,21,1,2025-06-24
267,419,58,5,2025-01-14
268,482,38,1,2024-12-09
269,238,37,3,2024-11-20
270,720,59,1,2025-04-07
271,704,30,3,2025-04-26
272,807,81,5,2025-08-08
273,678,26,4,2025-04-01
274,118,70,2,2024-11-14
275,664,20,3,2025-07-17
276,847,19,1,2025-01-17
277,62,22,3,2025-06-02
278,610,96,5,2025-04-17
279,944,37,4,2025-08-15
280,128,60,3,2024-11-29
281,717,52,3,2025-03-11
282,513,70,4,2024-11-10
283,449,11,5,2025-05-29
284,41,56,3,2024-12-26
285,619,33,1,2024-12-15
286,94,30,5,2025-07-01
287,602,3,3,2025-05-28
288,591,6,2,2024-10-31
289,482,67,4,2025-03-07
290,939,36,2,2025-06-17
291,600,56,4,2024-11-26
292,993,12,4,2025-09-04
293,357,53,3,2025-08-25
294,329,86,1,2025-07-06
295,879,21,3,2024-12-18
296,422,89,4,2025-01-01
297,296,85,4,2025-03-22
298,834,98,5,2025-08-23
299,38,59,1,2024-11-13
300,323,33,3,2024-11-17
301,119,99,4,2025-04-12
302,886,66,1,2025-06-21
303,674,70,4,2024-11-01
304,424,7,2,2025-06-09
305,531,47,5,2025-08-14
306,775,64,4,2025-09-05
307,779,7,2,2025-07-06
308,274,71,2,2025-05-06
309,950,37,4,2025-05-22
310,902,90,4,2025-02-13
311,125,4,5,2025-06-18
312,819,31,2,2025-06-25
313,319,71,1,2025-02-15
314,566,53,1,2025-05-22
315,231,15,4,2025-04-22
316,970,16,2,2025-08-08
317,511,92,3,2025-07-21
318,522,91,3,2024-12-19
319,426,62,4,2024-11-10
320,250,59,5,2024-10-31
321,149,50,2,2024-10-31
322,944,77,5,2025-06-27
323,765,18,1,2025-09-07
324,283,99,4,2025-06-28
325,349,65,3,2024-11-10
326,841,1,3,2025-02-10
327,744,39,5,2025-08-07
328,594,85,4,2025-09-13
329,887,20,4,2025-04-28
330,552,62,3,2024-09-29
331,341,71,5,2024-10-21
332,387,59,3,2025-04-13
333,891,25,2,2025-08-05
334,586,50,2,2025-09-22
335,877,100,4,2025-01-23
336,45,41,4,2025-02-09
337,723,49,4,2025-06-04
338,680,84,2,2025-07-17
339,508,5,2,2025-04-07
340,515,76,3,2025-05-07
341,891,13,4,2024-12-19
342,103,68,4,2025-02-20
343,16,93,2,2025-04-14
344,420,84,2,2025-03-16
345,77,61,3,2024-11-20
346,347,80,4,2025-09-09
347,666,11,3,2025-08-01
348,873,87,5,2025-03-30
349,390,41,4,2025-03-14
350,894,70,1,2025-05-07
351,633,9,2,2024-11-21
352,647,88,3,2025-05-30
353,233,96,1,2025-07-19
354,445,13,1,2025-06-13
355,455,22,3,2025-05-06
356,926,4,1,2025-01-20
357,333,8,3,2025-09-26
358,368,48,4,2024-11-13
359,150,32,5,2025-09-28
360,422,73,2,2025-06-14
361,175,23,1,2025-03-23
362,625,49,5,2025-07-29
363,700,31,4,2025-03-29
364,935,75,2,2025-06-13
365,238,60,3,2025-02-13
366,471,33,1,2025-09-23
367,921,60,3,2025-01-28
368,694,70,2,2025-07-29
369,76,57,3,2024-12-15
370,602,39,4,2025-06-24
371,707,33,4,2025-07-22
372,866,39,2,2025-06-12
373,394,62,1,2024-10-18
374,243,49,5,2025-08-11
375,368,74,3,2024-12-03
376,717,38,1,2025-03-26
377,850,85,4,2025-02-19
378,282,2,5,2025-09-24
379,886,88,1,2025-05-28
380,933,78,4,2025-08-05
381,853,37,2,2025-09-26
382,622,46,2,2025-04-17
383,652,25,5,2025-01-30
384,257,87,2,2025-06-04
385,644,13,1,2025-09-26
386,317,57,1,2025-07-03
387,594,47,2,2025-02-19
388,93,38,3,2025-04-10
389,766,54,2,2025-01-10
390,206,17,5,2025-06-10
391,898,47,5,2024-12-09
392,514,35,2,2025-08-08
393,264,62,3,2025-02-20
394,765,44,1,2024-11-15
395,480,10,2,2025-07-01
396,773,29,4,2025-04-29
397,991,72,3,2025-07-20
398,93,51,1,2025-08-06
399,271,69,1,2025-06-15
400,466,48,3,2025-03-15
401,599,49,3,2024-11-27
402,111,87,2,2024-11-18
403,483,4,5,2025-06-10
404,906,72,3,2025-01-13
405,938,79,2,2024-11-21
406,664,9,4,2024-12-17
407,932,90,3,2025-06-29
408,665,53,1,2025-06-25
409,144,6,1,2024-10-02
410,312,64,1,2025-06-21
411,100,31,5,2025-04-27
412,139,50,4,2025-06-04
413,380,86,5,2025-09-25
414,430,76,2,2024-11-22
415,907,54,1,2025-09-11
416,854,63,5,2025-03-04
417,418,36,1,2025-08-03
418,707,48,2,2025-09-02
419,455,57,2,2024-11-03
420,876,47,1,2025-09-20
421,703,48,5,2024-12-03
422,924,83,3,2024-10-18
423,63,51,3,2025-09-22
424,195,16,4,2025-05-24
425,94,85,2,2025-05-04
426,658,82,5,2025-09-18
427,995,3,1,2025-05-16
428,806,43,2,2025-02-23
429,129,73,2,2024-10-11
430,71,98,5,2024-12-26
431,213,76,2,2025-03-26
432,833,30,3,2025-06-07
433,793,19,5,2025-09-13
434,3,36,2,2025-05-25
435,134,70,3,2025-02-13
436,818,23,1,2025-06-09
437,677,4,2,2025-07-17
438,16,46,2,2025-05-28
439,603,42,1,2025-07-10
440,179,34,1,2025-08-11
441,130,95,4,2025-05-25
442,539,15,1,2025-01-07
443,488,58,3,2025-05-26
444,526,76,1,2025-02-10
445,463,65,2,2024-11-11
446,969,79,1,2024-10-29
447,745,85,5,2025-03-27
448,309,59,1,2025-05-31
449,63,62,4,2025-04-03
450,437,88,1,2024-10-07
451,503,92,4,2025-04-26
452,76,11,3,2025-04-26
453,623,19,1,2025-01-07
454,130,36,5,2025-06-28
455,649,75,5,2025-07-16
456,730,42,4,2024-12-04
457,612,68,3,2025-03-25
458,465,65,5,2025-05-22
459,441,13,1,2025-03-06
460,874,84,5,2025-04-26
461,739,28,4,2024-11-04
462,463,30,4,2024-10-22
463,348,59,4,2025-08-27
464,426,94,1,2025-07-17
465,321,55,3,2024-12-05
466,682,33,3,2025-07-23
467,977,20,4,2024-10-06
468,69,12,1,2025-04-20
469,96,56,1,2025-04-13
470,763,95,3,2025-07-23
471,832,17,5,2025-03-26
472,62,76,5,2025-04-06
473,576,43,1,2025-05-01
474,421,46,4,2025-06-17
475,889,93,1,2025-07-15
476,992,37,5,2024-11-13
477,320,46,1,2025-07-01
478,592,65,2,2025-09-17
479,159,85,4,2025-08-23
480,230,14,3,2024-12-04
481,866,72,3,2025-05-06
482,118,98,3,2024-12-03
483,588,29,4,2025-04-20
484,866,72,5,2025-07-18
485,629,87,5,2024-11-13
486,27,78,3,2024-11-15
487,30,24,3,2024-12-13
488,720,98,3,2024-11-27
489,944,44,3,2025-04-22
490,7,24,2,2025-08-06
491,580,85,4,2024-10-11
492,72,19,1,2025-09-22
493,94,96,5,2025-04-02
494,221,49,4,2025-02-09
495,465,44,2,2025-04-16
496,379,40,3,2025-03-02
497,796,73,5,2025-09-09
498,87,7,2,2024-09-29
499,162,97,5,2025-01-17
500,51,87,1,2025-09-10
501,279,57,4,2025-04-07
502,498,78,4,2025-07-12
503,425,35,2,2025-05-28
504,774,66,1,2025-03-10
505,354,56,1,2025-04-28
506,291,87,5,2025-06-10
507,499,68,3,2025-04-08
508,47,29,4,2025-09-24
509,614,8,1,2025-02-04
510,210,39,2,2025-04-13
511,786,18,3,2024-12-14
512,297,42,1,2024-11-04
513,8,64,4,2025-07-26
514,180,17,4,2024-12-24
515,546,91,2,2024-12-06
516,513,72,3,2025-01-16
517,74,51,1,2025-07-30
518,447,3,4,2025-09-14
519,944,10,3,2025-05-07
520,590,55,5,2024-12-17
521,415,91,4,2025-02-07
522,297,15,4,2024-11-15
523,22,42,2,2025-05-14
524,821,80,4,2024-10-26
525,852,89,3,2024-12-31
526,91,56,1,2025-02-15
527,250,56,5,2025-08-25
528,411,68,1,2025-02-22
529,406,40,3,2024-10-29
530,227,43,2,2024-12-31
531,79,66,1,2025-03-03
532,544,66,2,2025-06-10
533,928,100,3,2025-04-13
534,360,94,2,2024-10-24
535,242,14,2,2025-06-24
536,263,26,2,2025-09-28
537,617,20,1,2025-06-11
538,182,99,4,2024-12-08
539,476,97,5,2025-02-12
540,779,75,4,2025-05-27
541,698,73,5,2025-07-26
542,331,81,3,2025-05-08
543,155,57,1,2025-03-01
544,481,57,3,2024-11-24
545,816,36,5,2025-09-27
546,58,46,5,2025-03-06
547,76,40,4,2024-10-08
548,463,5,1,2025-05-07
549,378,37,1,2024-10-27
550,661,12,5,2024-11-13
551,609,65,4,2024-11-08
552,474,75,5,2025-04-17
553,978,95,1,2024-10-23
554,461,74,2,2025-05-21
555,330,78,4,2025-02-08
556,514,20,1,2025-01-29
557,462,14,3,2025-01-07
558,732,11,5,2025-08-13
559,662,23,1,2024-12-20
560,254,91,4,2024-10-02
561,450,68,5,2025-02-14
562,625,21,3,2025-09-18
563,382,37,4,2025-02-14
564,419,100,3,2024-11-06
565,696,77,1,2025-09-02
566,809,81,3,2024-12-02
567,68,43,1,2025-06-22
568,572,87,4,2025-01-19
569,291,33,5,2025-07-26
570,895,20,3,2025-03-27
571,84,75,2,2025-04-10
572,939,45,3,2025-06-12
573,991,84,4,2025-08-11
574,133,77,1,2025-04-18
575,318,72,4,2025-05-09
576,659,43,2,2025-08-23
577,687,90,5,2024-11-30
578,96,83,4,2025-09-10
579,521,47,1,2025-02-18
580,372,40,2,2025-02-02
581,974,28,3,2025-06-27
582,971,99,4,2025-09-18
583,197,29,2,2025-04-11
584,159,10,3,2025-05-04
585,865,13,5,2025-08-05
586,790,70,5,2025-03-22
587,39,85,3,2024-11-14
588,898,99,5,2024-10-02
589,135,77,4,2025-04-04
590,158,21,2,2024-11-24
591,852,89,5,2024-11-14
592,829,22,4,2025-02-14
593,45,53,3,2025-06-25
594,693,93,2,2024-10-18
595,993,57,5,2025-06-21
596,292,97,4,2025-09-20
597,240,69,2,2025-06-14
598,317,61,2,2024-12-29
599,377,87,5,2025-05-09
600,452,60,3,2025-06-14
601,797,49,5,2024-12-05
602,541,54,2,2025-09-24
603,837,26,5,2025-07-18
604,142,33,1,2025-03-31
605,657,62,3,2025-01-07
606,568,14,5,2025-03-04
607,872,16,3,2025-09-08
608,86,98,2,2025-08-17
609,280,58,5,2025-07-23
610,151,56,1,2025-01-18
611,970,29,4,2025-08-08
612,906,45,1,2025-09-10
613,425,7,4,2025-02-24
614,515,48,2,2025-01-21
615,396,11,3,2024-10-31
616,230,4,3,2024-10-28
617,954,13,3,2025-06-23
618,811,19,2,2025-09-09
619,40,37,4,2024-11-28
620,713,18,4,2024-10-20
621,460,79,1,2025-06-28
622,928,11,1,2025-04-19
623,263,28,2,2025-03-28
624,562,94,5,2025-08-15
625,541,55,1,2025-09-16
626,795,37,2,2025-03-03
627,309,16,1,2025-04-03
628,245,54,5,2025-06-23
629,469,9,1,2025-03-23
630,857,64,5,2025-04-05
631,549,3,5,2025-09-29
632,589,31,2,2025-08-20
633,299,55,1,2025-06-11
634,630,46,2,2025-02-24
635,585,54,2,2025-05-12
636,681,86,1,2025-08-28
637,537,47,1,2025-06-29
638,977,68,5,2025-06-17
639,520,65,5,2025-06-13
640,21,50,4,2025-06-30
641,45,82,4,2024-12-27
642,383,33,1,2025-06-26
643,366,9,3,2025-09-12
644,247,94,1,2025-07-27
645,791,75,3,2025-08-17
646,137,6,3,2025-04-10
647,560,44,2,2025-05-09
648,851,100,4,2025-05-09
649,713,62,2,2025-09-17
650,831,18,1,2025-06-02
651,734,100,4,2025-08-17
652,38,38,2,2025-04-08
653,45,26,1,2024-12-20
654,324,40,5,2024-10-26
655,408,70,4,2025-08-02
656,260,5,2,2025-04-05
657,293,46,1,2025-09-12
658,887,84,3,2025-03-02
659,280,16,3,2025-02-14
660,448,52,4,2025-02-12
661,917,50,3,2024-11-09
662,998,24,4,2025-08-29
663,709,64,3,2024-12-29
664,947,67,3,2025-04-14
665,821,11,4,2025-07-06
666,81,56,5,2024-11-11
667,843,24,5,2025-01-16
668,301,42,1,2025-01-14
669,82,42,3,2024-12-15
670,314,58,5,2025-06-26
671,735,55,2,2025-04-25
672,707,57,3,2024-12-17
673,458,6,3,2025-01-18
674,630,56,3,2025-09-05
675,655,8,1,2025-05-22
676,688,82,4,2025-07-28
677,373,66,2,2024-10-11
678,976,4,2,2025-03-17
679,870,78,4,2025-05-13
680,36,17,1,2025-03-26
681,242,100,3,2025-02-06
682,371,50,5,2025-05-12
683,34,78,2,2025-01-27
684,696,58,3,2025-02-05
685,381,57,1,2024-09-30
686,588,18,5,2025-08-20
687,376,51,3,2024-12-06
688,666,36,2,2025-02-05
689,984,15,1,2024-11-05
690,754,24,4,2025-03-28
691,531,50,5,2024-10-30
692,121,34,3,2025-04-05
693,721,58,2,2024-11-24
694,627,37,4,2024-11-13
695,205,16,2,2025-03-26
696,874,10,4,2024-11-24
697,177,92,4,2025-05-27
698,90,88,3,2024-12-20
699,684,45,1,2025-02-20
700,564,70,3,2025-01-16
701,913,39,2,2025-03-04
702,729,91,2,2024-12-04
703,813,47,5,2025-07-23
704,230,16,2,2024-11-07
705,812,18,2,2025-03-08
706,810,64,1,2025-08-02
707,370,71,5,2024-11-27
708,378,60,5,2025-02-05
709,133,79,1,2025-03-06
710,68,40,4,2025-02-07
711,735,93,4,2025-08-13
712,539,53,4,2024-12-10
713,844,74,1,2024-12-07
714,129,41,1,2024-10-13
715,461,60,5,2025-02-20
716,353,17,5,2025-06-28
717,656,76,2,2025-08-24
718,787,17,4,2024-11-26
719,515,8,1,2024-12-10
720,531,20,3,2025-03-23
721,169,21,3,2025-05-30
722,958,91,2,2025-01-04
723,355,67,3,2025-03-02
724,867,11,3,2025-04-18
725,202,82,5,2025-07-18
726,282,17,3,2025-06-17
727,630,69,1,2025-01-25
728,515,83,2,2025-07-05
729,607,75,2,2025-08-17
730,176,85,5,2025-03-31
731,738,78,3,2025-09-02
732,863,73,1,2025-08-03
733,846,4,1,2025-02-18
734,47,83,5,2024-11-08
735,272,84,2,2024-11-07
736,786,74,4,2024-10-06
737,633,82,1,2024-11-24
738,510,81,5,2025-03-31
739,297,83,3,2025-07-06
740,495,32,4,2024-12-24
741,305,59,1,2025-06-04
742,706,8,2,2025-02-01
743,451,54,4,2025-09-21
744,476,27,3,2025-06-25
745,622,19,3,2025-03-06
746,883,92,3,2025-01-12
747,752,45,4,2025-03-25
748,134,98,3,2025-07-04
749,528,72,1,2024-12-28
750,327,31,4,2024-11-23
751,126,35,4,2025-04-04
752,254,19,1,2024-12-29
753,52,38,4,2025-07-06
754,885,79,4,2025-08-11
755,255,21,3,2025-09-27
756,957,74,3,2024-12-28
757,195,98,2,2025-07-26
758,511,66,4,2024-12-10
759,511,40,4,2025-06-14
760,24,12,4,2025-07-22
761,518,59,2,2025-06-12
762,221,75,3,2025-03-31
763,50,7,3,2024-12-04
764,507,77,4,2025-09-27
765,293,69,1,2025-05-03
766,868,14,4,2025-05-19
767,138,34,3,2024-12-21
768,783,52,3,2024-11-16
769,47,52,1,2024-10-13
770,584,72,2,2025-09-26
771,372,71,3,2025-09-04
772,76,50,5,2025-03-04
773,462,98,5,2025-05-12
774,287,80,5,2024-11-01
775,122,17,1,2024-10-17
776,404,48,3,2025-02-25
777,572,47,2,2025-01-19
778,204,78,5,2025-05-18
779,412,65,1,2024-12-22
780,47,5,2,2025-01-30
781,731,43,4,2025-03-23
782,532,59,2,2025-04-03
783,621,66,2,2025-05-22
784,336,79,3,2025-01-18
785,167,51,5,2025-01-05
786,758,39,5,2025-01-09
787,345,65,5,2025-02-04
788,546,63,5,2025-03-01
789,307,61,1,2025-01-24
790,378,43,1,2024-10-16
791,427,75,3,2024-10-13
792,816,93,1,2024-10-18
793,612,61,3,2025-06-28
794,991,84,5,2024-12-15
795,592,30,1,2025-03-20
796,598,62,2,2025-08-27
797,537,81,5,2024-11-04
798,794,49,2,2024-12-05
799,842,88,2,2025-09-11
800,33,74,1,2025-02-09
801,196,3,4,2025-01-18
802,322,54,2,2024-11-03
803,423,89,2,2024-10-04
804,421,65,5,2025-04-18
805,943,61,1,2025-08-10
806,723,18,5,2025-01-28
807,213,72,3,2025-06-27
808,679,62,5,2025-02-08
809,386,41,2,2025-07-11
810,471,69,3,2025-04-10
811,560,46,3,2025-02-12
812,625,62,2,2025-05-24
813,981,32,3,2024-12-14
814,572,39,2,2025-02-16
815,965,39,3,2025-08-19
816,722,27,4,2024-11-15
817,325,62,3,2025-06-27
818,574,93,3,2024-11-12
819,295,16,5,2025-05-01
820,693,70,4,2025-08-28
821,918,51,3,2025-05-26
822,978,99,2,2024-12-07
823,298,6,3,2025-06-13
824,979,92,1,2025-09-02
825,355,57,3,2024-10-26
826,766,62,2,2025-04-17
827,207,69,3,2025-02-01
828,956,72,3,2025-06-21
829,141,14,5,2025-09-26
830,759,76,2,2024-12-11
831,249,7,5,2025-06-19
832,232,82,2,2024-10-15
833,54,13,4,2024-12-08
834,339,92,4,2025-04-18
835,103,88,2,2024-12-30
836,6,71,2,2025-08-16
837,417,84,4,2025-08-07
838,489,84,2,2025-08-26
839,775,37,3,2025-09-20
840,293,83,1,2025-08-22
841,930,99,1,2025-03-12
842,668,74,2,2025-06-18
843,548,95,1,2025-08-28
844,936,23,4,2024-10-23
845,904,23,1,2025-03-01
846,857,51,4,2025-09-04
847,191,96,3,2025-04-01
848,898,5,1,2024-10-07
849,306,73,5,2025-05-06
850,110,43,3,2025-06-10
851,466,83,5,2024-11-15
852,537,64,2,2024-10-15
853,872,65,4,2025-04-24
854,280,25,1,2025-07-16
855,339,21,4,2025-06-09
856,664,33,2,2025-06-27
857,15,95,3,2025-02-21
858,810,38,5,2025-06-06
859,691,97,2,2025-08-13
860,180,79,4,2025-09-19
861,847,55,5,2024-11-28
862,336,12,4,2025-06-30
863,686,13,2,2025-02-16
864,144,62,3,2025-07-11
865,959,32,1,2025-02-22
866,268,50,2,2025-01-06
867,458,97,3,2024-12-05
868,977,43,3,2024-11-26
869,597,93,5,2024-12-17
870,12,34,3,2025-06-11
871,710,31,1,2025-08-16
872,684,16,4,2025-07-15
873,315,21,4,2025-03-14
874,703,65,3,2025-06-15
875,707,16,3,2025-04-09
876,377,79,2,2025-01-18
877,225,18,4,2024-12-18
878,157,59,5,2025-06-15
879,383,54,5,2025-04-19
880,935,61,5,2024-11-30
881,822,86,2,2024-10-15
882,781,32,5,2024-12-25
883,895,11,5,2024-10-13
884,458,68,3,2024-11-22
885,80,73,1,2025-08-18
886,64,71,5,2025-09-03
887,208,74,5,2025-01-05
888,154,22,3,2025-07-15
889,875,67,4,2025-05-22
890,120,88,2,2024-12-29
891,735,75,4,2025-07-27
892,94,66,4,2025-04-12
893,829,8,4,2024-09-29
894,136,66,4,2025-02-03
895,468,73,1,2025-05-08
896,573,60,3,2025-02-11
897,741,3,4,2024-10-29
898,261,1,2,2025-06-14
899,593,10,1,2025-04-18
900,434,45,1,2025-06-20
901,555,8,1,2025-02-25
902,957,61,1,2025-05-10
903,294,53,2,2025-01-25
904,788,18,4,2024-10-19
905,384,49,4,2025-07-24
906,891,49,4,2025-07-27
907,83,88,5,2024-12-18
908,137,84,3,2025-09-17
909,122,23,5,2024-12-02
910,403,68,2,2025-09-19
911,746,29,1,2025-04-13
912,775,3,3,2025-09-22
913,475,87,5,2025-07-10
914,435,69,4,2025-07-11
915,844,30,2,2024-11-06
916,472,45,2,2025-06-28
917,283,25,1,2025-02-15
918,33,85,4,2025-05-26
919,630,99,1,2025-08-13
920,247,27,1,2025-05-19
921,104,77,1,2025-04-18
922,458,77,1,2025-07-24
923,251,95,1,2024-12-18
924,412,57,2,2025-01-05
925,553,28,1,2025-04-29
926,144,65,3,2025-07-21
927,240,94,5,2025-07-01
928,327,74,5,2024-11-24
929,792,87,3,2024-12-22
930,243,39,2,2025-06-21
931,677,67,2,2025-02-10
932,424,39,3,2025-08-25
933,63,72,5,2024-11-02
934,901,95,2,2024-12-04
935,642,87,4,2024-12-05
936,570,64,1,2025-08-10
937,996,45,4,2024-12-07
938,805,68,3,2025-03-27
939,714,54,4,2025-06-22
940,153,39,4,2025-05-24
941,189,97,5,2024-10-06
942,485,31,2,2024-11-27
943,308,91,2,2024-12-03
944,826,60,1,2025-02-20
945,576,53,4,2025-05-09
946,571,68,2,2024-10-24
947,398,32,3,2024-10-25
948,209,43,1,2024-12-27
949,945,58,3,2025-08-27
950,95,69,2,2025-09-19
951,53,35,4,2024-11-04
952,690,78,5,2025-04-09
953,41,10,2,2025-06-21
954,824,98,5,2025-07-21
955,742,86,5,2025-05-07
956,223,62,2,2025-02-14
957,891,43,3,2024-10-06
958,980,2,2,2025-07-28
959,960,25,1,2025-07-05
960,765,97,4,2025-05-22
961,937,32,5,2024-10-15
962,721,27,4,2024-12-28
963,938,31,5,2024-10-29
964,330,100,3,2024-11-20
965,390,60,5,2025-05-16
966,665,46,3,2024-10-03
967,268,47,5,2025-09-17
968,904,64,4,2025-09-14
969,101,93,4,2024-11-06
970,780,41,2,2025-06-25
971,380,41,4,2025-01-30
972,47,73,2,2025-06-14
973,760,19,1,2024-12-12
974,268,71,5,2025-03-23
975,594,93,4,2025-04-23
976,303,20,2,2025-03-10
977,338,30,4,2024-11-27
978,584,32,4,2025-01-28
979,564,84,3,2024-11-24
980,264,98,4,2024-10-19
981,990,93,4,2025-06-09
982,472,22,3,2025-05-16
983,174,18,5,2024-11-13
984,501,24,5,2025-07-27
985,658,8,5,2024-11-05
986,35,10,1,2025-01-15
987,783,1,4,2025-04-04
988,141,81,2,2025-08-01
989,70,91,2,2024-11-19
990,10,28,5,2025-08-28
991,467,48,1,2024-10-07
992,633,82,5,2025-03-04
993,935,62,4,2024-11-21
994,17,1,5,2025-05-26
995,565,53,1,2024-12-20
996,18,68,3,2025-08-16
997,549,37,1,2025-02-16
998,515,90,4,2025-08-18
999,826,23,1,2025-07-27
1000,941,13,5,2024-11-09
1001,153,31,2,2024-11-30
1002,635,68,3,2024-11-08
1003,835,46,3,2024-11-05
1004,815,51,1,2025-09-13
1005,383,52,4,2025-02-06
1006,579,32,2,2025-05-12
1007,308,88,1,2024-11-11
1008,670,84,1,2025-09-01
1009,96,52,4,2025-08-31
1010,387,71,4,2025-08-22
1011,58,82,1,2025-05-08
1012,720,22,1,2024-12-03
1013,512,56,3,2025-04-11
1014,580,13,5,2025-05-06
1015,942,6,2,2025-06-04
1016,217,89,5,2024-11-22
1017,487,35,1,2025-05-31
1018,947,10,3,2025-01-17
1019,921,70,5,2025-07-25
1020,674,5,2,2025-02-03
1021,952,41,1,2024-11-06
1022,985,27,5,2025-08-30
1023,148,97,4,2025-05-29
1024,952,10,3,2025-09-05
1025,167,73,2,2025-07-22
1026,581,50,5,2025-06-16
1027,340,50,2,2024-10-26
1028,810,89,1,2024-09-29
1029,513,96,3,2025-09-05
1030,55,13,4,2024-11-22
1031,238,10,3,2025-05-27
1032,620,99,5,2025-01-24
1033,978,77,4,2025-02-18
1034,993,100,3,2025-06-20
1035,31,82,3,2025-07-13
1036,803,58,4,2025-03-23
1037,234,46,5,2024-10-23
1038,964,49,4,2025-04-28
1039,191,88,5,2025-09-15
1040,677,49,1,2025-01-08
1041,791,80,3,2024-11-01
1042,818,32,1,2025-09-28
1043,85,35,2,2024-12-04
1044,390,92,2,2025-02-16
1045,758,50,3,2025-01-23
1046,370,14,1,2025-03-03
1047,6,40,4,2025-06-09
1048,369,98,3,2025-02-27
1049,105,17,1,2025-07-16
1050,192,56,4,2025-01-29
1051,571,72,5,2025-07-19
1052,418,14,1,2025-05-26
1053,92,46,5,2024-12-28
1054,96,77,5,2025-03-01
1055,804,42,4,2025-03-29
1056,13,38,4,2025-04-12
1057,398,100,1,2025-04-11
1058,743,72,2,2025-07-26
1059,586,67,2,2025-02-16
1060,702,49,2,2025-04-29
1061,143,35,3,2025-03-02
1062,275,64,2,2025-04-28
1063,65,22,4,2025-06-09
1064,283,54,3,2025-06-29
1065,496,10,3,2025-06-13
1066,258,32,4,2024-12-24
1067,609,79,2,2024-09-30
1068,469,14,2,2025-09-27
1069,312,1,4,2024-10-05
1070,341,80,4,2025-04-21
1071,824,43,4,2025-09-14
1072,343,56,5,2025-09-01
1073,140,39,3,2024-10-20
1074,618,89,2,2025-02-03
1075,491,41,2,2025-08-05
1076,988,51,3,2025-08-12
1077,299,95,4,2025-07-25
1078,991,74,2,2025-01-14
1079,334,49,3,2024-11-20
1080,837,51,3,2025-08-07
1081,117,73,2,2025-09-19
1082,607,70,2,2025-08-29
1083,699,99,5,2024-12-26
1084,28,94,4,2025-07-28
1085,966,91,2,2024-10-19
1086,449,38,1,2024-11-18
1087,839,53,4,2025-09-16
1088,143,82,3,2025-06-13
1089,248,33,2,2025-02-14
1090,733,55,4,2024-10-08
1091,76,58,5,2025-09-17
1092,491,75,4,2025-02-12
1093,548,65,4,2025-06-12
1094,557,5,3,2025-05-29
1095,719,69,5,2024-10-25
1096,654,11,1,2025-08-01
1097,788,32,3,2025-08-13
1098,171,83,5,2024-10-10
1099,46,73,4,2025-02-09
1100,991,97,3,2024-10-27
1101,989,56,1,2024-10-27
1102,11,13,3,2025-04-25
1103,228,66,5,2025-07-23
1104,572,75,5,2024-11-22
1105,227,58,3,2024-12-04
1106,401,60,5,2025-06-28
1107,708,65,2,2025-06-29
1108,354,4,4,2025-06-11
1109,108,38,4,2025-01-16
1110,943,11,1,2025-02-26
1111,852,94,2,2025-01-30
1112,357,40,3,2025-07-11
1113,467,27,5,2025-06-10
1114,495,45,4,2025-01-11
1115,100,57,4,2024-11-25
1116,327,9,3,2025-08-17
1117,46,91,1,2024-10-10
1118,24,44,1,2025-06-30
1119,694,22,2,2025-04-01
1120,529,23,5,2024-10-02
1121,164,43,5,2025-07-30
1122,437,60,2,2025-06-04
1123,817,52,2,2025-08-15
1124,191,82,4,2025-04-19
1125,406,4,5,2025-07-29
1126,905,26,4,2025-08-31
1127,607,55,4,2025-03-31
1128,5,91,2,2025-06-15
1129,211,36,1,2025-03-03
1130,592,14,5,2024-11-25
1131,192,47,3,2025-09-20
1132,202,59,1,2025-04-07
1133,269,86,4,2025-09-21
1134,541,82,3,2024-11-13
1135,612,50,5,2024-12-15
1136,402,76,1,2025-05-13
1137,357,46,4,2024-12-18
1138,633,23,3,2024-12-05
1139,941,79,5,2025-06-29
1140,87,87,2,2025-04-21
1141,321,16,2,2025-08-03
1142,313,15,2,2025-07-24
1143,383,89,2,2025-03-19
1144,524,50,4,2025-01-21
1145,611,18,5,2025-05-21
1146,393,55,2,2025-07-28
1147,499,82,5,2024-11-28
1148,711,83,2,2025-07-20
1149,569,22,4,2025-05-23
1150,296,18,2,2024-12-09
1151,323,58,5,2024-11-07
1152,55,46,1,2024-10-27
1153,497,18,2,2025-05-07
1154,835,50,5,2025-08-04
1155,518,84,4,2024-10-09
1156,419,88,4,2025-01-10
1157,426,91,4,2025-04-15
1158,501,22,1,2024-10-22
1159,579,4,2,2025-05-05
1160,300,5,3,2025-07-02
1161,231,69,3,2025-01-20
1162,173,100,4,2025-04-18
1163,580,96,4,2025-05-20
1164,563,66,1,2024-10-10
1165,587,15,3,2025-01-05
1166,794,70,3,2025-09-21
1167,556,97,1,2025-04-23
1168,779,93,4,2025-04-23
1169,560,28,4,2025-07-15
1170,105,95,2,2024-10-15
1171,305,5,4,2025-01-22
1172,270,45,1,2025-09-09
1173,450,16,2,2024-10-02
1174,215,95,5,2025-02-06
1175,706,45,5,2025-01-10
1176,648,55,2,2025-02-21
1177,631,18,2,2024-12-09
1178,834,27,1,2025-07-01
1179,584,45,5,2025-06-21
1180,288,77,5,2025-09-20
1181,173,42,3,2025-06-13
1182,297,74,3,2024-11-03
1183,976,66,1,2025-02-25
1184,139,97,4,2025-06-27
1185,941,8,3,2024-11-04
1186,888,84,2,2025-07-21
1187,719,17,2,2024-11-22
1188,150,92,3,2025-05-01
1189,849,32,4,2025-02-15
1190,502,19,5,2025-05-01
1191,648,35,4,2025-08-06
1192,385,58,1,2025-01-13
1193,649,99,1,2024-11-23
1194,413,66,3,2025-03-17
1195,712,48,4,2025-08-18
1196,974,63,3,2024-11-02
1197,596,1,1,2025-06-18
1198,749,59,3,2025-08-18
1199,871,9,5,2025-07-21
1200,408,28,4,2025-05-26
1201,845,28,4,2025-07-07
1202,275,42,3,2024-11-26
1203,346,71,5,2025-09-16
1204,134,73,4,2025-04-05
1205,808,44,1,2025-06-22
1206,48,13,4,2025-05-25
1207,17,16,2,2025-09-04
1208,452,59,1,2025-01-31
1209,982,55,2,2025-07-13
1210,706,17,3,2025-01-31
1211,163,36,1,2025-02-07
1212,671,47,3,2025-08-08
1213,85,48,2,2025-03-05
1214,54,51,3,2025-08-20
1215,744,90,2,2025-07-09
1216,440,84,1,2025-02-17
1217,721,13,1,2024-12-14
1218,219,62,1,2025-05-10
1219,136,76,2,2024-10-26
1220,532,88,4,2024-11-23
1221,10,2,3,2025-05-16
1222,837,16,4,2025-03-30
1223,711,17,4,2025-07-20
1224,73,30,4,2024-11-20
1225,92,94,1,2025-08-13
1226,106,41,3,2025-04-17
1227,903,39,2,2025-09-18
1228,392,100,2,2025-07-12
1229,657,87,2,2024-10-30
1230,71,68,5,2024-11-02
1231,9,79,2,2025-01-21
1232,451,45,2,2025-09-05
1233,644,96,2,2024-11-27
1234,942,53,5,2025-01-09
1235,704,57,2,2025-02-08
1236,89,13,2,2024-10-31
1237,771,16,5,2024-12-03
1238,748,50,3,2025-07-08
1239,987,55,3,2025-01-01
1240,811,18,2,2025-03-21
1241,284,83,1,2024-12-31
1242,255,71,5,2025-08-15
1243,615,93,5,2025-05-25
1244,292,100,1,2024-11-19
1245,869,85,3,2024-11-13
1246,211,67,5,2025-04-25
1247,522,25,4,2024-10-13
1248,303,83,1,2025-08-09
1249,803,31,4,2025-02-22
1250,396,15,2,2025-08-08
1251,512,82,5,2025-08-30
1252,73,68,1,2024-11-15
1253,370,41,2,2025-02-10
1254,397,73,4,2025-08-04
1255,375,70,2,2025-09-12
1256,782,61,1,2025-02-12
1257,18,76,1,2025-06-05
1258,15,34,2,2025-04-02
1259,41,8,4,2025-01-03
1260,519,37,5,2025-08-15
1261,786,54,4,2025-06-05
1262,719,52,1,2025-05-14
1263,656,69,5,2025-05-22
1264,631,20,3,2025-06-27
1265,86,40,1,2024-12-27
1266,524,27,2,2025-07-26
1267,550,42,4,2024-10-01
1268,601,82,1,2025-08-07
1269,318,90,4,2025-01-13
1270,748,31,1,2024-11-25
1271,251,12,4,2025-02-22
1272,119,59,5,2024-10-25
1273,624,8,3,2025-02-18
1274,683,95,2,2025-03-17
1275,123,2,2,2024-11-02
1276,719,2,2,2025-03-18
1277,509,45,5,2025-05-22
1278,530,93,3,2025-08-24
1279,171,48,2,2025-03-18
1280,768,100,3,2024-10-30
1281,751,16,1,2025-06-23
1282,344,55,3,2025-08-30
1283,537,9,3,2025-09-01
1284,730,74,1,2025-07-07
1285,509,59,5,2024-12-11
1286,369,8,4,2025-01-27
1287,880,73,2,2025-01-23
1288,377,21,3,2025-09-28
1289,792,14,5,2025-03-25
1290,691,93,1,2025-06-13
1291,234,95,5,2025-03-22
1292,3,6,1,2025-01-08
1293,251,6,4,2024-10-13
1294,373,50,2,2024-11-25
1295,184,5,5,2025-03-20
1296,823,92,4,2025-05-21
1297,230,42,2,2025-01-24
1298,427,93,3,2024-10-10
1299,278,10,5,2025-05-06
1300,382,16,5,2025-02-15
1301,690,7,2,2025-09-06
1302,229,67,1,2025-02-08
1303,977,52,1,2025-03-05
1304,899,60,3,2025-03-21
1305,793,40,3,2024-10-18
1306,89,71,4,2025-08-12
1307,9,48,2,2025-09-12
1308,299,73,3,2025-06-06
1309,758,80,2,2025-01-05
1310,476,48,5,2025-05-19
1311,996,64,2,2024-10-29
1312,751,70,2,2024-10-24
1313,155,1,4,2025-02-24
1314,25,30,5,2025-01-16
1315,355,82,1,2025-06-16
1316,974,43,1,2025-08-13
1317,778,85,4,2025-04-09
1318,870,95,3,2025-06-01
1319,107,27,5,2025-01-01
1320,244,54,4,2025-07-29
1321,985,8,2,2024-11-01
1322,729,36,1,2025-08-25
1323,45,30,5,2025-02-01
1324,423,90,3,2025-07-01
1325,470,96,1,2024-11-28
1326,595,13,5,2025-02-03
1327,137,82,4,2025-03-01
1328,77,76,5,2025-03-22
1329,64,56,2,2025-06-08
1330,243,38,3,2024-11-26
1331,872,41,4,2025-06-10
1332,718,95,3,2025-02-05
1333,326,58,3,2025-06-09
1334,240,10,2,2025-02-18
1335,140,100,5,2024-10-02
1336,112,20,1,2025-07-12
1337,169,58,4,2025-05-05
1338,322,53,1,2024-10-27
1339,549,46,2,2025-05-31
1340,463,40,4,2025-05-12
1341,272,16,1,2025-01-25
1342,162,88,3,2025-09-25
1343,847,91,5,2025-09-07
1344,42,28,3,2025-06-27
1345,152,12,2,2025-06-25
1346,992,46,4,2025-01-22
1347,526,7,3,2024-11-23
1348,267,23,1,2025-03-15
1349,975,52,4,2024-11-21
1350,570,96,5,2025-08-11
1351,256,13,4,2024-11-09
1352,105,18,1,2025-09-19
1353,13,8,2,2025-02-24
1354,134,26,4,2025-04-07
1355,382,88,1,2024-09-30
1356,597,76,3,2025-03-12
1357,940,10,1,2025-07-30
1358,67,26,4,2024-11-14
1359,829,17,1,2025-03-12
1360,927,43,1,2025-09-18
1361,44,60,1,2024-11-03
1362,173,74,4,2024-12-18
1363,842,93,4,2025-09-22
1364,509,4,4,2025-03-01
1365,700,55,2,2025-04-16
1366,363,28,2,2024-11-28
1367,282,36,4,2025-02-14
1368,905,20,1,2025-02-03
1369,629,80,5,2025-09-12
1370,252,83,3,2025-09-19
1371,511,53,5,2025-04-28
1372,491,8,1,2024-10-04
1373,287,50,2,2025-07-23
1374,430,26,5,2024-10-04
1375,256,81,5,2025-08-23
1376,814,3,4,2025-03-31
1377,801,92,3,2025-08-12
1378,492,70,4,2025-06-11
1379,353,73,5,2025-05-24
1380,330,50,3,2025-03-14
1381,185,4,3,2025-02-26
1382,612,29,1,2025-02-04
1383,918,100,3,2025-04-15
1384,60,61,5,2025-04-08
1385,367,99,5,2025-07-06
1386,239,21,1,2024-11-09
1387,254,85,2,2024-12-02
1388,273,69,1,2025-03-04
1389,783,29,5,2024-12-02
1390,867,50,3,2025-05-04
1391,958,23,2,2025-04-15
1392,243,76,3,2025-02-15
1393,826,95,3,2025-08-04
1394,936,76,1,2025-06-08
1395,721,90,3,2025-03-08
1396,971,73,5,2025-01-10
1397,146,73,2,2025-05-14
1398,857,64,5,2025-09-02
1399,317,23,4,2025-08-08
1400,39,12,1,2025-09-28
1401,239,78,2,2025-07-20
1402,21,68,4,2024-11-05
1403,1,43,5,2025-05-24
1404,207,17,3,2025-05-12
1405,735,23,3,2025-02-26
1406,61,3,2,2025-03-29
1407,601,91,2,2025-07-01
1408,793,15,5,2025-09-03
1409,882,47,1,2024-11-04
1410,383,91,4,2025-03-10
1411,601,13,3,2025-04-29
1412,310,42,2,2024-10-10
1413,1000,21,4,2025-01-13
1414,811,82,4,2025-03-01
1415,665,41,2,2024-12-19
1416,725,72,5,2025-03-14
1417,806,46,2,2025-02-15
1418,682,76,2,2024-12-09
1419,388,40,3,2025-03-19
1420,131,23,1,2024-11-13
1421,972,90,5,2025-09-18
1422,401,99,5,2025-08-29
1423,34,24,5,2025-02-27
1424,326,79,2,2025-07-26
1425,655,73,1,2025-06-13
1426,960,64,2,2025-06-27
1427,340,96,1,2024-10-01
1428,244,45,3,2025-02-13
1429,172,82,1,2024-12-19
1430,842,91,3,2025-01-10
1431,458,2,3,2025-08-16
1432,215,32,1,2025-01-03
1433,359,33,1,2025-08-01
1434,738,1,1,2025-07-17
1435,396,57,4,2025-02-27
1436,993,22,4,2024-12-26
1437,505,49,3,2025-08-24
1438,560,49,1,2025-02-27
1439,849,62,5,2024-10-04
1440,667,98,2,2024-11-24
1441,167,58,1,2025-02-13
1442,819,5,3,2025-07-24
1443,21,41,3,2025-07-26
1444,975,14,1,2025-05-06
1445,351,22,4,2025-01-29
1446,165,94,1,2025-09-15
1447,561,12,3,2025-09-27
1448,609,79,4,2024-12-26
1449,722,4,4,2025-09-20
1450,966,84,2,2024-12-08
1451,622,56,2,2025-05-22
1452,55,13,3,2025-07-29
1453,211,25,4,2025-07-19
1454,714,71,5,2025-04-28
1455,272,85,3,2024-11-15
1456,305,31,1,2025-05-19
1457,51,51,5,2025-09-21
1458,563,63,2,2024-12-01
1459,56,47,1,2025-08-25
1460,438,12,3,2025-04-06
1461,844,85,5,2025-03-08
1462,492,26,1,2024-11-04
1463,27,27,2,2025-07-19
1464,654,38,1,2025-04-01
1465,485,15,3,2025-05-18
1466,804,51,4,2025-07-13
1467,501,85,3,2025-08-03
1468,94,83,5,2025-05-16
1469,397,24,3,2025-01-02
1470,907,49,3,2025-04-19
1471,192,58,1,2025-09-11
1472,270,57,4,2024-12-12
1473,270,29,3,2024-11-02
1474,578,8,2,2025-03-08
1475,771,90,1,2025-05-17
1476,88,86,3,2025-05-04
1477,828,70,4,2024-10-09
1478,995,97,5,2025-06-14
1479,233,71,1,2025-08-31
1480,861,50,5,2024-10-27
1481,429,69,4,2025-02-15
1482,587,31,4,2025-06-27
1483,307,11,4,2024-11-15
1484,925,92,1,2025-03-14
1485,515,74,5,2025-05-18
1486,820,74,5,2025-02-07
1487,151,16,4,2024-12-25
1488,178,22,2,2025-08-23
1489,828,25,2,2025-01-15
1490,44,55,1,2025-04-12
1491,700,56,2,2024-12-27
1492,843,81,2,2025-07-11
1493,855,77,3,2025-07-13
1494,328,94,1,2025-07-07
1495,90,50,5,2025-05-28
1496,407,71,3,2025-01-07
1497,878,36,5,2025-09-06
1498,470,2,5,2025-05-16
1499,602,67,4,2025-05-20
1500,116,54,2,2025-04-29
1501,152,73,5,2024-11-05
1502,597,98,1,2025-03-16
1503,948,14,5,2025-05-05
1504,799,13,3,2024-11-07
1505,889,69,3,2025-01-10
1506,899,53,3,2025-08-22
1507,393,84,4,2024-11-01
1508,586,78,4,2025-03-28
1509,39,23,3,2025-02-08
1510,413,19,5,2025-08-01
1511,624,88,4,2025-02-19
1512,40,51,3,2025-03-27
1513,708,31,1,2024-10-07
1514,764,61,3,2024-10-25
1515,919,48,1,2025-09-15
1516,346,39,3,2024-10-26
1517,288,63,1,2025-06-07
1518,996,30,2,2025-02-13
1519,308,96,4,2025-01-21
1520,793,42,3,2025-08-27
1521,747,54,5,2025-07-21
1522,662,12,2,2024-12-03
1523,453,28,4,2024-10-02
1524,759,63,5,2024-12-03
1525,889,48,1,2025-04-24
1526,528,21,1,2025-05-09
1527,319,91,5,2024-10-10
1528,414,18,5,2025-09-21
1529,901,73,1,2025-09-27
1530,178,25,2,2025-03-25
1531,858,8,2,2025-05-11
1532,34,59,1,2025-04-17
1533,941,47,2,2024-11-25
1534,281,48,4,2025-06-27
1535,518,51,1,2025-09-03
1536,698,4,2,2024-12-08
1537,382,63,5,2024-10-09
1538,457,23,4,2024-10-07
1539,601,71,3,2025-04-04
1540,353,21,3,2024-11-23
1541,767,89,1,2025-08-12
1542,292,4,4,2024-11-10
1543,51,21,5,2024-12-17
1544,799,28,2,2025-01-26
1545,663,29,2,2024-12-18
1546,276,84,4,2025-06-22
1547,526,3,1,2025-09-07
1548,486,17,2,2025-01-04
1549,616,2,2,2025-03-24
1550,259,78,3,2025-09-12
1551,730,91,3,2025-02-03
1552,434,49,3,2025-04-18
1553,471,33,2,2025-01-14
1554,478,39,5,2025-06-28
1555,845,80,4,2025-03-29
1556,599,14,1,2025-04-04
1557,524,85,3,2025-02-22
1558,575,83,5,2024-12-08
1559,624,37,3,2024-12-01
1560,701,14,4,2025-06-07
1561,66,44,3,2025-08-19
1562,656,42,3,2025-01-09
1563,268,84,3,2025-02-19
1564,193,20,5,2025-04-30
1565,784,31,1,2025-07-06
1566,825,77,4,2025-01-21
1567,677,41,2,2025-07-16
1568,739,4,4,2025-09-13
1569,303,34,4,2025-03-26
1570,415,50,1,2025-08-18
1571,598,91,5,2025-03-03
1572,836,25,3,2025-06-29
1573,744,92,2,2025-07-24
1574,703,69,4,2025-05-14
1575,929,86,3,2025-05-09
1576,520,39,2,2025-03-05
1577,861,85,5,2025-04-24
1578,186,38,1,2025-02-12
1579,483,17,3,2025-05-18
1580,743,72,2,2024-10-22
1581,970,88,3,2024-11-29
1582,671,12,2,2024-10-11
1583,364,29,3,2025-04-04
1584,431,43,3,2025-05-01
1585,267,75,3,2025-01-14
1586,475,16,4,2025-07-28
1587,55,82,5,2025-05-23
1588,595,80,1,2025-09-17
1589,484,25,5,2025-02-04
1590,123,88,4,2024-10-09
1591,543,39,4,2024-12-03
1592,56,20,2,2025-01-25
1593,206,44,4,2025-07-15
1594,584,59,2,2025-02-06
1595,324,92,2,2024-10-25
1596,798,11,4,2025-05-27
1597,341,81,2,2025-02-12
1598,321,82,1,2025-07-11
1599,5,58,3,2024-11-12
1600,215,98,2,2025-01-23
1601,591,98,2,2024-10-02
1602,502,98,1,2025-01-27
1603,133,79,4,2025-03-18
1604,649,55,4,2025-07-17
1605,440,62,4,2025-08-23
1606,5,5,5,2025-04-22
1607,205,94,3,2025-02-17
1608,973,2,3,2025-05-07
1609,776,68,2,2025-04-09
1610,19,87,1,2024-11-05
1611,642,94,2,2025-01-08
1612,232,89,3,2025-05-09
1613,320,17,1,2025-08-18
1614,393,65,5,2025-08-09
1615,314,22,1,2024-10-26
1616,844,6,3,2025-08-21
1617,972,38,4,2025-03-02
1618,746,67,5,2025-07-02
1619,537,44,4,2025-01-23
1620,910,88,2,2025-01-24
1621,351,63,3,2024-12-10
1622,769,25,2,2025-07-19
1623,971,52,1,2025-03-30
1624,234,29,2,2025-09-26
1625,217,94,1,2025-03-02
1626,604,65,2,2024-11-13
1627,127,47,1,2024-11-30
1628,385,82,3,2025-01-26
1629,790,69,5,2025-02-16
1630,50,77,1,2025-04-27
1631,678,14,1,2025-01-11
1632,50,89,1,2025-05-22
1633,427,57,4,2025-08-08
1634,127,71,3,2025-09-25
1635,486,90,2,2025-08-28
1636,211,89,1,2025-01-11
1637,309,54,1,2025-08-03
1638,679,67,3,2025-02-23
1639,638,78,2,2025-08-22
1640,429,14,5,2025-08-31
1641,737,80,1,2024-10-13
1642,290,15,1,2025-05-22
1643,510,26,5,2024-10-24
1644,205,100,3,2024-11-02
1645,852,67,2,2025-07-19
1646,367,91,4,2025-06-20
1647,303,21,1,2025-01-07
1648,562,64,2,2025-07-01
1649,705,62,3,2025-02-22
1650,241,1,1,2025-04-20
1651,688,12,1,2025-01-21
1652,856,74,4,2025-05-11
1653,153,12,5,2025-02-19
1654,77,93,1,2025-06-10
1655,927,33,2,2025-03-14
1656,468,38,3,2025-08-05
1657,476,7,1,2025-09-17
1658,833,23,1,2024-11-12
1659,873,38,3,2025-02-12
1660,821,87,3,2025-05-13
1661,437,95,1,2024-10-09
1662,98,98,1,2024-10-16
1663,10,18,2,2024-10-02
1664,337,46,4,2024-11-06
1665,979,80,3,2025-01-25
1666,900,94,1,2025-06-07
1667,382,44,2,2025-03-07
1668,117,52,4,2024-11-30
1669,986,59,3,2024-12-07
1670,856,50,4,2025-08-25
1671,820,54,2,2025-02-11
1672,116,17,1,2025-08-25
1673,966,21,1,2025-09-26
1674,427,76,4,2025-09-05
1675,822,73,4,2025-08-12
1676,186,79,4,2025-01-02
1677,798,46,5,2025-07-13
1678,30,88,2,2024-11-08
1679,495,63,1,2025-09-10
1680,909,53,4,2024-10-26
1681,48,9,3,2025-01-27
1682,671,41,1,2025-05-11
1683,722,87,5,2025-07-23
1684,786,96,5,2025-01-05
1685,742,73,2,2024-11-30
1686,979,86,3,2024-11-18
1687,532,67,5,2025-03-16
1688,98,56,2,2024-11-14
1689,494,45,4,2025-08-10
1690,153,72,5,2025-07-01
1691,56,2,2,2025-08-19
1692,518,61,4,2025-09-17
1693,891,22,1,2025-02-27
1694,770,63,3,2025-03-11
1695,247,43,3,2024-11-12
1696,52,65,2,2025-04-10
1697,564,83,4,2025-04-28
1698,413,31,1,2025-05-29
1699,471,57,5,2025-09-21
1700,459,12,4,2025-01-24
1701,458,41,1,2025-06-23
1702,510,96,1,2024-12-20
1703,106,52,4,2025-01-03
1704,37,72,5,2025-01-15
1705,1,12,5,2024-10-29
1706,987,80,3,2025-04-21
1707,912,66,5,2025-08-14
1708,212,84,4,2025-05-28
1709,974,44,3,2025-06-25
1710,846,7,2,2024-12-13
1711,865,59,3,2024-10-27
1712,574,99,5,2025-09-19
1713,615,61,3,2024-10-21
1714,734,58,1,2024-10-03
1715,100,98,2,2024-12-17
1716,3,44,3,2025-07-25
1717,850,82,3,2024-12-06
1718,561,67,3,2024-11-06
1719,719,14,1,2024-12-14
1720,919,22,4,2025-05-03
1721,144,92,4,2025-04-10
1722,110,33,5,2025-08-09
1723,201,25,1,2025-07-04
1724,953,51,2,2025-01-21
1725,469,25,3,2025-03-14
1726,111,97,4,2024-11-24
1727,48,82,5,2025-04-01
1728,127,99,4,2025-08-29
1729,469,85,5,2024-12-18
1730,980,65,2,2025-02-09
1731,987,64,1,2025-09-20
1732,544,95,1,2025-08-12
1733,567,56,5,2025-04-04
1734,495,66,2,2025-07-11
1735,709,75,2,2024-12-06
1736,749,17,1,2025-01-08
1737,397,85,5,2024-11-28
1738,621,42,5,2025-01-19
1739,903,50,4,2025-08-13
1740,624,89,2,2025-05-24
1741,281,51,3,2024-11-21
1742,994,38,4,2025-08-15
1743,825,18,2,2025-06-28
1744,423,78,5,2024-12-26
1745,307,90,5,2025-08-22
1746,882,41,5,2024-12-06
1747,648,28,2,2024-10-09
1748,215,80,3,2025-05-29
1749,704,45,2,2025-03-13
1750,728,84,2,2025-01-04
1751,516,70,3,2025-09-03
1752,728,15,3,2024-10-29
1753,576,62,5,2025-03-05
1754,585,86,4,2024-11-23
1755,691,96,5,2025-03-31
1756,293,55,1,2025-04-02
1757,536,14,1,2024-10-18
1758,391,19,1,2025-01-06
1759,687,8,2,2024-11-03
1760,274,97,2,2025-05-24
1761,294,88,3,2025-06-23
1762,150,8,3,2025-03-02
1763,209,97,5,2025-01-14
1764,34,46,4,2025-02-23
1765,105,79,5,2025-05-04
1766,886,29,5,2025-04-10
1767,399,31,5,2025-03-28
1768,804,90,3,2025-03-06
1769,710,86,1,2025-06-05
1770,949,49,4,2025-05-23
1771,427,88,3,2025-09-14
1772,990,71,1,2024-12-18
1773,14,96,3,2024-10-18
1774,208,80,4,2024-10-12
1775,850,29,3,2025-01-04
1776,774,76,5,2024-10-23
1777,757,78,2,2024-11-04
1778,795,93,2,2024-12-20
1779,302,58,2,2025-05-14
1780,700,10,2,2025-06-17
1781,986,23,5,2025-02-19
1782,123,49,1,2024-11-05
1783,439,36,5,2025-06-24
1784,271,17,2,2025-08-16
1785,599,33,1,2025-01-05
1786,339,60,2,2024-12-13
1787,41,20,3,2025-07-13
1788,612,7,5,2025-02-03
1789,864,85,3,2025-01-12
1790,503,74,5,2025-05-05
1791,367,10,3,2025-06-24
1792,539,29,2,2024-11-02
1793,534,9,5,2025-04-01
1794,164,54,5,2025-06-12
1795,550,52,1,2025-03-22
1796,358,29,2,2025-01-18
1797,680,43,3,2025-08-26
1798,370,38,2,2024-12-25
1799,974,97,5,2025-01-22
1800,544,61,5,2024-10-24
1801,844,97,1,2024-12-06
1802,118,86,3,2025-08-24
1803,457,31,5,2024-11-19
1804,941,80,2,2024-10-03
1805,982,6,3,2025-03-21
1806,391,15,4,2025-01-29
1807,263,70,3,2024-12-02
1808,26,67,3,2025-01-03
1809,527,66,4,2024-10-27
1810,499,6,3,2025-06-04
1811,920,84,2,2025-08-07
1812,329,66,1,2025-05-04
1813,971,13,2,2025-09-18
1814,995,99,5,2025-04-30
1815,547,1,1,2025-03-26
1816,216,86,2,2024-12-28
1817,886,88,4,2024-11-08
1818,856,14,2,2025-07-25
1819,551,90,4,2025-04-24
1820,663,10,2,2025-09-26
1821,25,59,3,2025-07-31
1822,39,12,1,2025-04-09
1823,56,23,3,2024-11-29
1824,572,10,5,2024-11-21
1825,842,30,3,2024-11-02
1826,418,50,4,2025-01-18
1827,646,52,4,2025-06-25
1828,324,3,4,2025-03-13
1829,690,16,5,2025-06-24
1830,7,83,5,2025-09-26
1831,65,97,5,2025-01-01
1832,47,90,1,2025-03-26
1833,367,65,1,2025-02-09
1834,297,88,3,2024-10-03
1835,622,12,3,2025-02-05
1836,784,57,4,2025-06-15
1837,405,85,1,2025-08-21
1838,486,21,5,2025-07-09
1839,226,18,4,2025-08-08
1840,816,70,3,2025-08-25
1841,984,82,2,2025-05-05
1842,306,87,3,2024-11-09
1843,981,2,5,2025-06-06
1844,896,72,2,2025-06-22
1845,127,6,1,2024-10-06
1846,587,77,4,2025-09-22
1847,551,71,1,2025-08-08
1848,313,27,3,2025-05-28
1849,217,53,5,2024-11-19
1850,146,21,2,2025-03-30
1851,227,79,3,2024-12-27
1852,199,15,2,2025-06-27
1853,688,73,1,2025-09-20
1854,872,97,5,2025-02-07
1855,473,83,5,2025-06-28
1856,75,38,1,2024-12-08
1857,257,13,2,2025-09-13
1858,744,75,4,2025-05-20
1859,975,43,3,2025-09-17
1860,132,86,2,2025-08-16
1861,103,37,5,2025-06-04
1862,72,25,3,2025-08-24
1863,498,58,3,2025-03-12
1864,632,85,3,2025-09-14
1865,711,75,2,2025-04-09
1866,580,73,3,2025-01-04
1867,828,41,4,2025-06-04
1868,173,1,3,2025-08-20
1869,253,29,4,2025-02-19
1870,284,47,2,2025-02-28
1871,696,94,3,2025-09-27
1872,899,62,4,2025-01-20
1873,457,46,3,2024-10-14
1874,499,71,1,2025-04-07
1875,180,83,5,2025-02-01
1876,84,36,2,2025-05-11
1877,913,69,2,2025-03-06
1878,270,94,1,2025-03-14
1879,745,10,1,2025-09-18
1880,870,65,1,2025-07-15
1881,833,75,5,2025-01-12
1882,415,99,5,2025-09-18
1883,218,5,5,2025-03-30
1884,267,70,5,2025-06-06
1885,484,84,2,2025-03-18
1886,375,51,2,2024-11-22
1887,913,99,5,2025-09-17
1888,751,38,2,2025-05-15
1889,476,65,5,2025-05-30
1890,93,51,3,2025-01-18
1891,515,2,2,2025-01-12
1892,869,79,2,2025-07-18
1893,776,66,2,2024-10-04
1894,457,21,2,2024-10-13
1895,580,73,2,2025-01-10
1896,754,94,4,2025-05-04
1897,962,46,1,2024-10-18
1898,225,98,4,2025-01-18
1899,238,9,3,2025-03-05
1900,379,30,1,2025-05-28
1901,685,27,5,2024-09-29
1902,930,47,4,2024-12-30
1903,481,59,1,2025-02-04
1904,41,84,3,2025-01-10
1905,106,91,5,2025-08-09
1906,649,36,3,2025-05-30
1907,593,70,5,2025-07-07
1908,179,49,4,2024-11-24
1909,375,76,1,2024-10-30
1910,530,33,4,2025-01-06
1911,997,29,5,2025-09-28
1912,416,46,3,2024-12-10
1913,499,62,5,2025-05-01
1914,7,65,2,2024-10-28
1915,451,22,2,2024-12-18
1916,79,66,3,2025-03-21
1917,217,20,2,2025-02-05
1918,162,47,5,2025-07-23
1919,735,16,2,2025-05-20
1920,425,43,1,2025-03-02
1921,494,87,4,2025-09-17
1922,491,27,5,2024-11-03
1923,166,83,4,2025-01-02
1924,23,32,1,2025-01-17
1925,131,74,5,2025-01-20
1926,165,18,5,2025-04-23
1927,41,74,2,2025-06-04
1928,58,22,3,2025-01-25
1929,945,24,5,2025-04-28
1930,982,52,5,2025-06-06
1931,993,73,1,2024-12-11
1932,900,93,3,2024-11-17
1933,970,11,2,2025-04-19
1934,460,78,4,2025-01-17
1935,889,62,2,2024-10-30
1936,225,53,5,2025-04-24
1937,147,75,2,2025-05-16
1938,639,85,5,2025-04-16
1939,271,22,3,2025-02-13
1940,945,59,5,2025-08-15
1941,605,9,2,2025-03-07
1942,388,50,2,2024-11-18
1943,112,3,2,2025-03-09
1944,536,65,4,2025-01-21
1945,847,20,5,2025-09-06
1946,99,23,4,2025-06-16
1947,924,79,5,2025-03-19
1948,40,69,5,2025-03-04
1949,771,16,1,2025-03-01
1950,494,85,2,2025-02-26
1951,924,78,5,2024-10-09
1952,848,1,4,2025-04-21
1953,535,54,3,2025-09-14
1954,896,6,5,2025-03-02
1955,440,30,4,2025-07-02
1956,809,99,4,2025-05-12
1957,359,76,5,2025-01-17
1958,101,55,2,2024-12-26
1959,261,62,2,2025-04-04
1960,932,11,3,2024-11-14
1961,613,70,4,2025-04-15
1962,264,25,1,2025-04-24
1963,727,96,1,2025-01-14
1964,592,67,1,2025-07-02
1965,533,1,4,2025-02-19
1966,671,27,3,2025-02-23
1967,419,47,1,2024-10-01
1968,159,55,5,2025-07-21
1969,260,34,5,2025-08-15
1970,434,73,3,2025-03-16
1971,627,36,4,2024-10-18
1972,774,27,4,2024-10-19
1973,566,72,4,2025-07-29
1974,184,48,5,2025-05-24
1975,569,62,3,2025-01-29
1976,315,74,3,2024-11-03
1977,793,91,4,2025-01-13
1978,754,18,1,2025-03-24
1979,766,30,4,2025-01-28
1980,802,90,2,2024-10-21
1981,103,28,5,2025-06-27
1982,411,44,5,2025-06-02
1983,629,90,1,2025-06-26
1984,165,50,1,2024-10-18
1985,824,12,2,2024-12-13
1986,483,77,4,2024-11-20
1987,91,9,3,2025-06-26
1988,228,48,1,2025-03-29
1989,624,5,4,2024-12-19
1990,954,52,5,2025-06-03
1991,672,67,3,2025-08-06
1992,729,77,1,2025-01-17
1993,969,100,2,2025-01-20
1994,656,64,4,2025-09-26
1995,11,26,5,2024-10-01
1996,293,25,1,2025-03-25
1997,803,77,5,2025-06-07
1998,529,90,2,2024-11-09
1999,630,22,1,2024-09-29
2000,369,31,1,2025-05-07
2001,1000,21,1,2024-11-12
2002,283,100,4,2024-11-03
2003,362,86,4,2024-12-12
2004,416,76,2,2025-03-21
2005,531,2,1,2025-07-30
2006,942,12,5,2025-03-10
2007,292,93,5,2024-10-19
2008,937,75,3,2024-11-12
2009,356,36,2,2025-02-24
2010,621,25,4,2025-09-23
2011,953,52,5,2025-07-26
2012,5,34,2,2025-08-03
2013,417,65,1,2025-04-17
2014,573,10,5,2025-07-26
2015,302,44,1,2025-06-05
2016,823,66,3,2025-08-09
2017,898,69,5,2025-05-12
2018,257,89,4,2025-03-06
2019,990,49,5,2025-05-19
2020,496,99,2,2024-12-05
2021,776,44,4,2025-07-25
2022,698,59,5,2025-05-27
2023,883,4,4,2024-11-30
2024,120,34,1,2025-06-27
2025,392,82,2,2025-04-17
2026,694,90,2,2025-03-22
2027,820,41,4,2025-01-13
2028,979,46,5,2025-05-31
2029,549,2,3,2025-09-15
2030,255,37,1,2025-03-28
2031,409,87,3,2025-05-31
2032,78,71,2,2025-02-19
2033,488,41,3,2025-06-11
2034,224,74,3,2024-11-07
2035,188,96,2,2025-02-28
2036,511,95,2,2025-03-03
2037,241,95,2,2024-10-09
2038,894,34,2,2025-03-15
2039,235,26,2,2025-04-23
2040,857,80,3,2024-10-03
2041,160,100,1,2025-01-17
2042,123,11,4,2025-05-23
2043,629,1,5,2025-08-21
2044,981,6,4,2025-05-13
2045,381,80,3,2024-10-14
2046,505,74,3,2025-08-26
2047,503,24,5,2025-09-16
2048,287,51,2,2025-03-19
2049,769,74,2,2025-06-20
2050,56,68,4,2025-01-08
2051,490,70,1,2025-09-23
2052,515,45,4,2025-02-06
2053,882,88,2,2025-08-08
2054,469,16,5,2025-04-01
2055,472,41,1,2025-02-03
2056,13,87,2,2025-06-14
2057,389,75,1,2025-02-18
2058,334,47,5,2024-10-21
2059,883,34,2,2025-05-27
2060,562,34,2,2025-02-04
2061,276,61,5,2025-06-19
2062,352,47,2,2025-01-31
2063,511,55,2,2025-06-17
2064,430,90,3,2025-07-13
2065,374,52,3,2025-01-08
2066,462,24,5,2025-07-05
2067,135,74,2,2025-01-17
2068,834,13,3,2025-02-20
2069,824,31,5,2025-08-30
2070,443,49,2,2025-05-23
2071,150,95,2,2025-02-13
2072,485,2,2,2025-03-20
2073,432,64,2,2025-05-28
2074,915,81,5,2025-04-27
2075,547,93,3,2025-09-03
2076,805,63,3,2025-07-09
2077,257,72,5,2025-04-09
2078,49,51,1,2024-11-15
2079,708,21,1,2025-01-25
2080,221,33,4,2025-09-13
2081,860,81,1,2025-02-03
2082,461,96,3,2025-05-12
2083,267,47,3,2025-02-23
2084,574,72,3,2024-10-15
2085,353,3,4,2025-08-06
2086,125,45,5,2024-11-26
2087,204,74,5,2024-11-03
2088,666,84,5,2024-11-06
2089,179,100,3,2025-09-05
2090,364,42,5,2025-03-22
2091,500,100,4,2025-07-04
2092,911,11,4,2025-09-23
2093,629,37,4,2025-07-21
2094,647,19,2,2025-06-24
2095,656,44,4,2024-12-24
2096,647,79,5,2025-08-24
2097,415,10,1,2024-12-01
2098,166,44,2,2025-08-21
2099,322,41,3,2025-07-02
2100,728,35,5,2025-03-01
2101,661,51,3,2024-10-22
2102,909,57,3,2025-05-10
2103,766,76,5,2024-11-09
2104,989,58,4,2025-08-04
2105,172,24,1,2024-10-25
2106,129,94,2,2025-07-05
2107,678,33,1,2025-05-08
2108,216,22,4,2025-08-02
2109,106,13,1,2025-09-02
2110,960,61,5,2025-01-24
2111,56,4,4,2025-06-11
2112,537,98,1,2025-02-14
2113,107,34,5,2025-09-25
2114,160,11,4,2025-04-27
2115,317,30,2,2024-12-11
2116,756,37,4,2024-12-30
2117,642,17,2,2025-03-08
2118,540,22,1,2025-01-11
2119,36,85,3,2024-12-11
2120,882,42,4,2024-11-27
2121,479,70,3,2025-07-23
2122,562,57,2,2025-07-21
2123,993,90,5,2024-12-08
2124,182,76,5,2025-04-30
2125,468,81,5,2025-05-17
2126,446,68,5,2025-05-31
2127,318,45,4,2024-12-12
2128,553,30,1,2025-07-22
2129,453,40,3,2025-08-21
2130,423,34,2,2025-02-07
2131,311,2,1,2025-02-25
2132,536,98,2,2025-04-17
2133,353,37,4,2024-10-25
2134,548,2,4,2024-12-05
2135,970,97,4,2025-06-23
2136,307,2,4,2025-08-28
2137,818,38,5,2025-05-22
2138,237,1,5,2025-03-29
2139,383,25,4,2025-07-30
2140,904,72,4,2025-04-25
2141,405,32,2,2025-03-21
2142,733,95,4,2025-02-04
2143,849,49,2,2025-05-13
2144,270,11,4,2025-04-21
2145,641,31,5,2024-11-18
2146,783,79,3,2024-10-23
2147,292,84,5,2025-03-04
2148,829,35,4,2025-02-13
2149,193,9,2,2024-10-24
2150,140,38,1,2024-10-27
2151,653,59,5,2025-07-12
2152,464,35,5,2025-01-16
2153,504,25,3,2024-11-11
2154,20,20,1,2024-12-22
2155,993,69,1,2025-05-07
2156,191,14,3,2025-01-28
2157,276,17,4,2024-12-19
2158,745,2,2,2025-09-08
2159,93,20,1,2025-09-01
2160,506,28,3,2024-12-30
2161,431,40,4,2025-06-13
2162,381,60,1,2024-10-23
2163,339,11,2,2025-08-13
2164,58,35,4,2025-09-18
2165,74,70,4,2024-10-26
2166,186,25,3,2025-04-27
2167,837,49,1,2025-08-07
2168,125,99,2,2025-09-05
2169,395,99,4,2025-03-31
2170,254,95,1,2025-02-22
2171,204,59,1,2024-10-19
2172,534,86,2,2025-06-11
2173,485,50,3,2024-11-08
2174,959,42,2,2025-03-20
2175,645,94,1,2025-08-30
2176,763,71,5,2025-01-03
2177,126,33,4,2024-10-09
2178,654,39,2,2025-01-30
2179,370,7,2,2025-01-02
2180,997,15,2,2025-01-29
2181,649,56,3,2025-07-05
2182,16,22,3,2024-11-18
2183,599,16,4,2025-04-17
2184,809,32,1,2025-06-24
2185,993,6,5,2025-09-02
2186,803,89,4,2025-05-29
2187,705,77,2,2025-08-16
2188,381,99,1,2024-12-24
2189,255,21,4,2024-10-25
2190,94,88,5,2025-09-10
2191,347,98,1,2025-08-25
2192,62,46,2,2025-06-13
2193,719,69,1,2025-07-06
2194,129,63,2,2024-10-11
2195,325,72,3,2025-09-23
2196,825,57,2,2025-09-11
2197,22,89,4,2025-05-05
2198,367,93,2,2025-05-11
2199,257,6,4,2024-10-28
2200,724,57,5,2025-04-18
2201,302,70,4,2025-09-10
2202,195,73,2,2025-01-06
2203,557,45,3,2024-10-14
2204,750,60,3,2024-10-12
2205,889,77,5,2025-04-02
2206,165,9,5,2025-05-25
2207,159,58,3,2025-03-05
2208,840,34,5,2025-01-18
2209,376,59,1,2025-08-06
2210,795,82,5,2025-09-19
2211,389,94,2,2024-10-06
2212,905,3,5,2024-10-19
2213,878,47,5,2025-07-09
2214,245,42,1,2025-07-22
2215,675,69,4,2025-04-12
2216,195,68,4,2025-08-09
2217,785,71,2,2025-06-05
2218,628,37,3,2025-06-26
2219,420,83,3,2025-04-19
2220,114,13,5,2024-10-18
2221,675,9,1,2025-07-06
2222,856,17,2,2025-06-10
2223,895,5,2,2025-03-05
2224,110,63,2,2025-03-04
2225,102,5,5,2024-11-18
2226,658,50,4,2025-03-08
2227,539,80,5,2025-08-23
2228,263,7,3,2025-09-23
2229,227,78,1,2025-02-10
2230,14,27,4,2024-12-08
2231,951,11,4,2025-03-07
2232,821,82,1,2024-10-20
2233,370,72,4,2024-12-22
2234,842,48,1,2025-05-02
2235,844,79,3,2024-12-21
2236,542,6,1,2025-06-29
2237,855,39,1,2025-08-20
2238,968,28,5,2025-07-16
2239,100,13,2,2025-04-24
2240,545,50,2,2025-09-26
2241,198,68,2,2024-10-04
2242,584,81,2,2025-06-19
2243,572,96,5,2025-07-23
2244,426,96,1,2024-10-27
2245,785,82,5,2024-11-14
2246,367,87,4,2024-12-04
2247,720,86,4,2024-10-15
2248,905,14,2,2025-02-03
2249,812,24,5,2025-05-26
2250,412,65,3,2024-12-27
2251,674,21,5,2025-01-14
2252,615,57,3,2025-05-08
2253,925,41,5,2025-03-23
2254,333,48,4,2024-11-12
2255,783,82,4,2024-10-27
2256,846,93,3,2024-12-29
2257,624,31,5,2025-04-15
2258,559,28,4,2025-03-29
2259,785,71,3,2025-06-25
2260,369,58,4,2025-02-06
2261,983,51,1,2025-08-29
2262,744,5,3,2024-12-18
2263,611,3,5,2025-06-17
2264,139,39,1,2025-09-08
2265,308,29,2,2025-07-11
2266,877,41,1,2025-01-14
2267,791,89,3,2025-05-26
2268,942,71,5,2025-04-09
2269,570,74,5,2025-01-04
2270,159,13,1,2025-06-11
2271,472,46,2,2025-04-01
2272,142,34,3,2024-10-18
2273,911,75,2,2025-08-24
2274,239,33,3,2025-06-14
2275,95,74,4,2025-05-14
2276,583,28,1,2025-01-09
2277,741,42,4,2024-12-12
2278,178,63,5,2024-11-18
2279,840,13,5,2025-09-21
2280,658,39,1,2024-12-22
2281,749,74,4,2025-06-27
2282,81,100,1,2024-12-15
2283,944,99,3,2025-02-12
2284,357,56,4,2025-07-24
2285,953,16,2,2024-11-19
2286,766,84,5,2025-09-21
2287,951,2,4,2025-06-11
2288,56,40,5,2025-05-24
2289,43,41,5,2025-03-14
2290,579,20,3,2024-11-09
2291,515,90,2,2025-03-30
2292,157,7,4,2024-10-11
2293,995,58,5,2025-01-08
2294,590,65,1,2025-02-16
2295,228,56,3,2025-07-28
2296,806,51,2,2024-10-29
2297,136,44,1,2025-01-09
2298,488,74,1,2025-05-10
2299,562,52,3,2025-03-29
2300,88,52,5,2025-08-10
2301,445,100,2,2025-02-16
2302,781,18,4,2024-10-15
2303,573,26,4,2024-12-13
2304,405,84,5,2024-12-05
2305,201,72,5,2025-03-05
2306,754,68,2,2024-10-18
2307,249,10,3,2025-01-18
2308,796,56,3,2025-04-15
2309,702,74,1,2025-02-03
2310,116,86,4,2024-10-08
2311,434,47,3,2025-05-09
2312,196,42,3,2025-08-21
2313,609,84,1,2025-09-01
2314,789,40,2,2025-08-27
2315,359,79,4,2025-07-22
2316,639,19,4,2025-05-03
2317,46,30,2,2025-07-03
2318,702,48,2,2025-01-31
2319,776,94,1,2025-07-29
2320,116,95,1,2025-03-06
2321,249,80,2,2025-03-04
2322,890,37,1,2025-06-22
2323,352,89,1,2025-06-25
2324,313,58,4,2024-10-19
2325,24,43,2,2024-11-07
2326,758,69,2,2025-02-18
2327,209,70,5,2025-06-19
2328,769,34,5,2025-06-04
2329,495,80,2,2025-08-09
2330,712,90,1,2025-09-07
2331,386,75,5,2025-03-17
2332,45,33,2,2025-04-26
2333,62,37,2,2025-04-24
2334,809,90,5,2025-04-06
2335,278,7,4,2024-11-27
2336,671,2,1,2025-02-15
2337,398,85,3,2025-06-28
2338,679,85,3,2025-09-02
2339,886,14,1,2024-11-16
2340,300,84,4,2024-10-04
2341,237,49,5,2025-07-18
2342,727,13,3,2025-09-12
2343,497,77,5,2024-10-30
2344,91,24,2,2024-12-29
2345,513,59,5,2025-04-15
2346,949,92,1,2025-01-30
2347,41,32,5,2025-02-20
2348,313,43,4,2025-05-12
2349,403,96,2,2025-02-08
2350,19,45,3,2025-05-28
2351,364,81,3,2025-07-12
2352,242,65,3,2025-07-22
2353,832,8,3,2025-05-09
2354,900,50,1,2024-11-13
2355,967,72,3,2025-04-25
2356,231,20,3,2025-01-24
2357,919,51,2,2025-01-03
2358,90,94,4,2024-12-03
2359,534,87,5,2025-03-17
2360,894,81,2,2025-03-09
2361,428,31,5,2025-03-18
2362,157,55,3,2025-09-17
2363,932,78,3,2025-03-23
2364,460,70,2,2025-08-04
2365,212,84,2,2024-12-17
2366,595,70,2,2024-10-20
2367,884,18,3,2025-09-07
2368,706,91,5,2025-01-08
2369,932,18,4,2025-05-10
2370,931,99,2,2025-01-21
2371,672,73,2,2024-10-22
2372,326,9,5,2024-12-03
2373,546,93,1,2025-07-06
2374,189,41,2,2025-01-08
2375,745,4,3,2025-08-13
2376,902,53,4,2024-11-14
2377,311,57,3,2025-05-17
2378,156,100,2,2024-11-21
2379,110,17,2,2025-05-13
2380,27,98,5,2024-10-17
2381,632,35,5,2024-11-09
2382,581,79,2,2024-10-13
2383,611,30,2,2025-06-06
2384,704,4,3,2025-08-09
2385,82,89,4,2025-04-29
2386,138,65,5,2024-10-14
2387,481,92,3,2025-06-18
2388,189,50,4,2024-10-21
2389,486,18,2,2025-06-17
2390,198,29,1,2025-01-01
2391,419,98,1,2025-01-01
2392,948,35,4,2025-06-04
2393,228,96,2,2025-08-08
2394,776,27,1,2025-02-05
2395,182,57,5,2025-06-18
2396,502,89,3,2025-05-06
2397,888,59,2,2025-02-04
2398,438,52,1,2024-10-27
2399,623,95,4,2025-03-10
2400,738,41,4,2025-04-04
2401,627,96,5,2024-12-24
2402,609,69,5,2025-01-26
2403,657,91,1,2025-02-11
2404,534,14,4,2025-07-27
2405,468,6,2,2025-02-28
2406,532,69,4,2025-05-21
2407,753,6,5,2025-08-15
2408,397,67,1,2024-11-20
2409,195,38,4,2025-01-26
2410,408,39,3,2025-07-14
2411,473,22,4,2025-01-29
2412,302,79,1,2025-02-25
2413,707,67,2,2025-05-25
2414,475,83,4,2025-03-20
2415,93,93,5,2025-09-20
2416,116,24,5,2025-05-14
2417,961,90,5,2024-11-26
2418,139,51,4,2024-10-15
2419,332,58,1,2025-09-04
2420,184,59,5,2025-08-28
2421,919,92,2,2024-10-08
2422,904,59,1,2025-05-09
2423,257,42,2,2025-07-21
2424,736,94,1,2025-04-03
2425,94,15,4,2025-07-11
2426,650,47,1,2025-04-02
2427,537,91,4,2025-04-29
2428,745,66,5,2025-02-01
2429,973,21,4,2024-12-16
2430,564,49,1,2025-07-30
2431,787,22,3,2024-10-10
2432,580,85,2,2025-06-21
2433,167,19,2,2025-02-15
2434,788,92,1,2025-09-29
2435,430,40,3,2024-10-27
2436,748,99,4,2024-10-27
2437,296,81,2,2025-09-06
2438,121,17,2,2024-12-20
2439,4,80,3,2025-04-01
2440,13,59,4,2025-04-27
2441,876,64,5,2025-04-17
2442,827,1,5,2025-03-01
2443,904,64,2,2025-06-24
2444,223,76,4,2025-08-05
2445,465,53,4,2025-04-10
2446,82,77,5,2024-10-17
2447,7,32,5,2025-03-20
2448,285,80,5,2025-04-08
2449,840,27,1,2025-03-09
2450,190,19,1,2025-01-05
2451,669,45,1,2025-07-31
2452,149,5,5,2025-01-14
2453,859,78,3,2024-12-27
2454,340,12,1,2024-12-26
2455,112,54,2,2025-07-06
2456,166,87,3,2025-02-08
2457,626,85,5,2025-03-14
2458,587,72,2,2025-06-29
2459,990,59,5,2024-11-10
2460,369,5,1,2024-12-26
2461,787,39,3,2025-06-24
2462,378,49,1,2025-08-17
2463,777,55,5,2025-02-08
2464,67,38,4,2025-02-04
2465,138,16,3,2025-04-02
2466,338,68,4,2025-08-29
2467,538,27,2,2025-05-26
2468,627,8,1,2025-05-08
2469,586,94,5,2025-03-12
2470,90,62,5,2025-03-01
2471,957,91,3,2025-04-25
2472,438,78,3,2025-07-28
2473,266,68,5,2024-11-13
2474,639,46,2,2025-04-13
2475,630,73,4,2025-07-10
2476,533,94,4,2025-02-25
2477,505,24,5,2025-05-01
2478,239,91,3,2024-11-18
2479,199,1,1,2025-01-02
2480,25,60,1,2025-01-11
2481,756,27,5,2025-01-21
2482,425,53,1,2024-10-28
2483,342,45,5,2025-03-02
2484,826,82,2,2025-09-23
2485,12,82,2,2025-04-27
2486,707,37,3,2025-05-18
2487,810,9,3,2025-07-08
2488,308,65,5,2025-08-24
2489,332,99,1,2025-08-15
2490,117,88,3,2024-10-04
2491,350,51,5,2024-11-12
2492,631,4,2,2025-01-03
2493,199,43,3,2025-04-19
2494,945,87,4,2025-09-04
2495,939,61,1,2025-06-27
2496,662,18,4,2024-11-14
2497,160,81,4,2024-10-11
2498,914,69,3,2025-03-05
2499,474,53,1,2025-06-08
2500,856,67,3,2025-09-26
2501,579,93,3,2024-11-16
2502,569,69,1,2025-08-12
2503,214,74,3,2025-08-31
2504,819,46,1,2025-08-25
2505,993,20,3,2025-02-05
2506,861,4,3,2025-02-23
2507,385,81,5,2025-04-20
2508,863,22,5,2025-06-16
2509,621,50,2,2024-11-11
2510,610,15,3,2025-08-23
2511,723,41,1,2025-08-23
2512,279,53,1,2025-05-03
2513,509,31,3,2025-05-12
2514,463,39,2,2025-09-27
2515,538,39,2,2024-10-15
2516,115,48,1,2025-06-26
2517,797,26,1,2025-02-05
2518,455,65,1,2025-03-12
2519,819,62,5,2025-02-25
2520,158,25,3,2025-03-12
2521,946,62,5,2025-07-31
2522,318,100,3,2025-01-12
2523,147,99,1,2025-03-22
2524,842,67,2,2024-11-17
2525,211,93,1,2024-12-05
2526,471,50,5,2025-07-06
2527,119,1,3,2025-08-30
2528,955,6,5,2025-09-06
2529,893,12,3,2024-10-29
2530,479,6,1,2025-08-22
2531,534,99,3,2025-05-04
2532,24,74,3,2025-02-11
2533,655,27,3,2025-05-24
2534,206,25,3,2025-02-14
2535,284,69,3,2025-03-08
2536,792,57,1,2025-04-03
2537,280,20,2,2025-05-02
2538,281,15,1,2025-09-09
2539,982,80,5,2024-11-03
2540,527,14,2,2025-01-15
2541,556,45,5,2025-01-31
2542,327,35,2,2025-04-23
2543,966,91,3,2025-08-23
2544,588,32,2,2025-04-29
2545,73,40,5,2025-08-03
2546,914,44,5,2025-03-04
2547,455,7,2,2025-01-25
2548,30,61,1,2025-01-23
2549,109,50,1,2024-12-03
2550,89,55,4,2024-11-20
2551,184,91,5,2025-07-23
2552,913,76,4,2025-06-24
2553,632,46,3,2025-09-26
2554,341,26,5,2024-12-15
2555,81,97,4,2025-04-07
2556,582,17,1,2025-04-27
2557,833,90,4,2025-05-12
2558,100,59,3,2024-11-04
2559,701,83,4,2025-01-11
2560,482,30,2,2024-11-11
2561,148,79,3,2025-01-07
2562,935,47,4,2025-03-08
2563,188,90,3,2025-08-19
2564,808,42,4,2025-01-12
2565,500,4,1,2025-08-30
2566,487,15,3,2025-09-25
2567,491,60,2,2025-07-01
2568,290,99,3,2025-09-02
2569,619,74,2,2025-05-30
2570,521,14,4,2024-11-19
2571,838,92,1,2024-12-13
2572,334,72,1,2025-08-01
2573,812,39,5,2025-07-02
2574,473,52,5,2024-10-09
2575,424,31,5,2025-08-25
2576,250,71,2,2025-09-15
2577,998,62,4,2025-04-14
2578,68,44,2,2025-07-18
2579,834,89,5,2024-10-01
2580,442,56,5,2025-07-30
2581,807,44,5,2024-10-08
2582,711,31,2,2024-12-12
2583,679,86,1,2025-09-08
2584,758,92,5,2025-04-26
2585,857,63,1,2025-06-23
2586,607,77,4,2025-04-07
2587,334,72,1,2025-07-30
2588,842,57,2,2025-01-14
2589,316,52,1,2024-11-08
2590,613,14,5,2025-06-14
2591,790,49,3,2025-08-04
2592,507,83,1,2025-03-10
2593,93,28,2,2025-03-06
2594,909,75,1,2025-01-03
2595,776,19,2,2025-08-11
2596,464,69,3,2025-09-27
2597,400,79,5,2025-06-23
2598,458,26,2,2024-11-10
2599,698,41,3,2025-02-05
2600,584,87,3,2024-10-27
2601,941,56,3,2025-07-16
2602,92,75,1,2025-06-22
2603,627,66,4,2025-01-26
2604,868,17,3,2025-04-02
2605,64,48,5,2025-01-08
2606,992,7,1,2025-05-17
2607,721,72,3,2025-04-04
2608,113,37,1,2025-07-10
2609,241,56,5,2025-06-14
2610,404,81,3,2025-01-22
2611,729,49,4,2025-09-02
2612,391,56,5,2025-03-06
2613,217,85,2,2025-09-05
2614,487,18,2,2025-07-16
2615,569,50,3,2025-01-23
2616,861,54,2,2025-08-02
2617,296,86,2,2025-05-28
2618,138,2,1,2025-08-16
2619,664,3,2,2024-10-12
2620,739,63,4,2025-05-19
2621,999,18,1,2024-10-01
2622,141,83,4,2024-11-18
2623,881,59,5,2025-02-13
2624,953,55,5,2025-09-09
2625,185,59,5,2025-06-02
2626,435,71,4,2025-01-04
2627,394,46,2,2024-11-23
2628,191,55,5,2025-07-23
2629,8,74,4,2025-06-24
2630,868,94,2,2025-01-10
2631,730,65,3,2024-12-10
2632,421,70,5,2025-08-15
2633,376,5,1,2025-09-12
2634,582,62,3,2025-08-08
2635,116,75,4,2025-06-30
2636,985,89,1,2024-09-30
2637,146,94,5,2024-10-23
2638,880,97,3,2025-04-21
2639,477,67,1,2024-12-14
2640,536,79,1,2024-12-03
2641,252,61,1,2025-03-01
2642,701,82,5,2025-01-03
2643,818,75,3,2025-02-15
2644,628,7,3,2025-04-30
2645,548,100,1,2025-05-20
2646,481,59,5,2025-03-25
2647,928,61,5,2025-05-27
2648,752,43,4,2024-12-03
2649,362,38,3,2025-01-16
2650,172,5,5,2024-12-22
2651,768,39,5,2025-01-13
2652,267,8,4,2025-03-25
2653,593,22,5,2025-07-17
2654,53,85,3,2025-02-19
2655,829,95,5,2025-02-06
2656,28,37,4,2025-03-24
2657,85,17,5,2024-11-03
2658,79,36,3,2024-11-09
2659,136,79,3,2025-08-17
2660,282,33,1,2025-07-02
2661,760,15,5,2025-01-12
2662,179,76,2,2025-09-18
2663,675,58,3,2025-01-26
2664,828,23,3,2025-05-29
2665,802,90,2,2024-11-10
2666,497,24,5,2025-03-18
2667,883,5,3,2025-01-23
2668,87,19,5,2024-11-09
2669,957,20,4,2025-06-11
2670,771,53,4,2025-06-13
2671,244,85,4,2025-07-09
2672,744,82,2,2025-03-25
2673,216,74,3,2025-07-20
2674,56,83,3,2025-03-27
2675,774,15,1,2025-02-26
2676,172,60,4,2024-12-23
2677,488,39,4,2025-01-13
2678,765,97,5,2025-04-02
2679,240,49,4,2025-08-20
2680,486,34,2,2025-07-12
2681,544,56,1,2024-10-21
2682,296,58,4,2025-07-08
2683,695,41,5,2025-01-02
2684,700,6,1,2025-01-23
2685,940,69,3,2025-02-19
2686,980,56,5,2025-03-09
2687,941,84,3,2025-02-21
2688,344,35,3,2025-08-28
2689,822,13,3,2025-01-05
2690,671,75,4,2025-06-22
2691,473,99,2,2025-01-31
2692,752,87,5,2025-07-25
2693,789,25,5,2025-01-19
2694,346,87,2,2025-02-25
2695,321,71,1,2025-04-26
2696,689,2,1,2024-11-28
2697,13,53,1,2024-12-13
2698,538,14,4,2025-05-15
2699,360,29,3,2025-09-10
2700,258,25,1,2025-05-11
2701,25,80,1,2025-01-27
2702,59,77,2,2025-05-08
2703,974,77,1,2024-10-06
2704,726,16,1,2025-06-20
2705,877,78,2,2025-07-19
2706,385,85,5,2024-11-01
2707,823,24,1,2025-06-13
2708,713,24,3,2025-08-28
2709,302,60,1,2025-07-06
2710,655,59,3,2025-04-19
2711,788,55,3,2025-05-26
2712,264,21,1,2025-04-06
2713,284,100,1,2025-02-08
2714,392,50,3,2024-12-10
2715,62,34,3,2024-11-25
2716,183,57,1,2025-04-13
2717,504,26,5,2025-08-09
2718,403,23,4,2024-12-21
2719,112,19,5,2025-07-19
2720,788,56,2,2025-08-28
2721,629,83,1,2025-01-28
2722,935,57,3,2024-12-16
2723,106,5,1,2025-06-24
2724,73,74,3,2025-09-08
2725,796,58,1,2024-10-12
2726,919,64,2,2024-10-06
2727,669,82,1,2025-09-08
2728,956,5,4,2024-11-05
2729,273,20,3,2025-02-21
2730,927,51,5,2025-03-25
2731,4,66,4,2024-11-25
2732,490,56,4,2025-01-17
2733,865,94,1,2024-12-22
2734,554,29,1,2025-07-08
2735,394,89,4,2024-12-28
2736,125,73,5,2025-01-06
2737,958,46,3,2024-11-13
2738,699,39,4,2025-07-12
2739,57,81,1,2025-05-26
2740,375,69,3,2024-11-16
2741,83,59,3,2025-06-27
2742,664,26,2,2025-01-05
2743,568,6,4,2024-10-30
2744,677,25,3,2024-10-26
2745,713,50,1,2025-06-20
2746,646,89,3,2025-07-05
2747,499,11,4,2025-02-28
2748,753,25,2,2024-10-04
2749,37,25,1,2025-07-29
2750,738,76,2,2025-05-08
2751,501,50,1,2024-11-23
2752,812,70,3,2025-06-25
2753,512,69,4,2025-07-16
2754,990,3,1,2024-12-09
2755,348,8,3,2025-05-08
2756,807,93,1,2025-01-21
2757,416,16,2,2025-01-25
2758,827,84,5,2025-04-04
2759,470,87,5,2024-10-07
2760,153,95,5,2025-01-07
2761,239,10,1,2024-12-12
2762,754,19,4,2025-01-03
2763,670,3,4,2025-05-27
2764,929,80,1,2025-03-20
2765,249,90,2,2025-01-13
2766,15,23,1,2024-11-02
2767,927,40,1,2025-09-17
2768,468,79,2,2025-04-22
2769,856,76,1,2025-03-24
2770,838,14,1,2025-08-27
2771,510,77,5,2025-04-12
2772,226,9,2,2024-12-27
2773,437,44,4,2024-10-05
2774,333,16,5,2025-03-29
2775,559,18,3,2025-02-20
2776,857,28,1,2025-02-12
2777,608,23,3,2025-04-17
2778,65,16,3,2024-11-07
2779,145,97,4,2024-12-20
2780,173,90,3,2025-09-20
2781,567,22,4,2025-02-21
2782,250,75,1,2024-12-22
2783,137,13,5,2025-02-11
2784,386,100,2,2025-04-23
2785,17,63,1,2025-05-22
2786,7,1,2,2025-01-28
2787,949,12,5,2025-07-22
2788,909,37,4,2025-09-21
2789,711,99,4,2024-11-02
2790,709,17,2,2024-11-29
2791,147,82,3,2025-08-11
2792,536,58,4,2025-03-27
2793,245,23,5,2024-12-29
2794,709,5,5,2024-11-19
2795,185,92,4,2025-05-12
2796,627,12,3,2025-03-21
2797,357,54,1,2025-06-20
2798,572,31,2,2025-04-24
2799,121,68,1,2024-12-23
2800,634,47,5,2025-07-06
2801,520,29,4,2024-12-30
2802,789,81,2,2025-01-20
2803,284,7,2,2025-01-30
2804,116,20,4,2024-11-23
2805,510,23,2,2025-01-24
2806,687,6,1,2025-04-23
2807,661,47,3,2025-02-24
2808,215,56,3,2024-10-01
2809,343,79,4,2025-06-08
2810,45,14,1,2025-07-02
2811,948,69,2,2025-07-16
2812,162,4,4,2025-04-16
2813,528,15,1,2025-01-21
2814,917,31,4,2025-05-25
2815,607,75,3,2025-01-24
2816,430,26,3,2025-06-15
2817,236,100,1,2025-04-05
2818,334,30,1,2025-08-09
2819,243,95,4,2025-09-27
2820,891,26,4,2024-10-28
2821,913,29,1,2024-11-06
2822,483,75,4,2025-06-11
2823,56,56,2,2025-02-13
2824,222,79,4,2025-07-03
2825,183,50,3,2024-11-27
2826,140,59,2,2025-06-29
2827,648,46,3,2024-11-28
2828,208,43,2,2025-03-08
2829,33,89,5,2025-09-19
2830,62,36,2,2024-10-13
2831,114,60,4,2025-03-03
2832,429,22,3,2024-11-30
2833,226,38,5,2025-07-19
2834,161,82,5,2025-03-26
2835,928,22,5,2025-06-30
2836,994,71,2,2025-04-17
2837,89,53,5,2025-02-22
2838,501,28,5,2025-01-15
2839,485,60,3,2025-03-07
2840,15,94,4,2025-01-14
2841,754,32,2,2025-09-01
2842,336,56,5,2025-06-03
2843,228,76,2,2025-04-08
2844,936,74,1,2025-05-12
2845,428,6,1,2025-02-12
2846,482,94,5,2025-05-24
2847,35,55,5,2024-11-19
2848,404,62,1,2025-04-08
2849,464,64,2,2024-12-12
2850,86,72,1,2025-05-11
2851,710,94,4,2025-06-17
2852,973,28,2,2025-04-07
2853,368,38,2,2024-12-29
2854,664,12,1,2025-03-17
2855,492,86,3,2025-09-06
2856,166,91,4,2025-09-03
2857,879,74,5,2025-06-19
2858,25,59,4,2025-08-06
2859,791,18,4,2024-11-17
2860,190,48,4,2025-04-08
2861,721,82,1,2025-07-29
2862,882,81,1,2024-10-02
2863,395,89,3,2025-02-28
2864,544,5,3,2024-11-23
2865,437,97,3,2024-10-23
2866,715,79,5,2025-09-21
2867,590,27,1,2025-01-21
2868,636,43,1,2024-12-06
2869,528,87,3,2025-06-10
2870,910,7,1,2025-04-13
2871,393,47,4,2025-01-28
2872,634,6,3,2024-10-21
2873,376,23,5,2025-03-19
2874,722,9,5,2024-11-25
2875,727,100,2,2025-02-04
2876,142,43,2,2025-04-21
2877,553,15,4,2024-12-20
2878,756,97,5,2025-05-17
2879,893,90,2,2025-09-03
2880,772,96,2,2025-01-07
2881,329,46,3,2025-07-26
2882,516,88,4,2025-08-12
2883,284,7,1,2025-04-30
2884,382,45,4,2025-01-18
2885,498,65,5,2025-05-15
2886,850,16,4,2025-02-23
2887,727,69,5,2024-12-31
2888,922,38,4,2025-04-15
2889,636,48,1,2025-05-28
2890,193,59,1,2024-10-27
2891,83,51,2,2024-11-23
2892,296,10,1,2025-06-23
2893,169,36,1,2025-01-09
2894,714,19,4,2025-01-03
2895,155,27,5,2024-11-05
2896,975,81,1,2025-07-17
2897,301,54,5,2025-05-01
2898,955,17,4,2025-07-06
2899,356,54,4,2025-01-27
2900,756,83,1,2025-07-08
2901,299,25,1,2025-05-03
2902,23,30,5,2025-01-08
2903,661,43,4,2025-07-21
2904,593,44,3,2025-08-13
2905,498,76,5,2025-05-31
2906,863,71,4,2025-03-21
2907,469,39,5,2024-11-29
2908,136,40,2,2025-07-12
2909,809,34,2,2025-09-26
2910,496,48,3,2024-11-01
2911,789,7,2,2025-07-20
2912,362,37,4,2024-11-21
2913,980,22,5,2024-11-28
2914,947,21,5,2025-08-15
2915,293,24,2,2025-01-25
2916,860,91,2,2025-08-22
2917,166,31,1,2024-10-18
2918,43,41,5,2025-04-04
2919,130,57,3,2025-03-08
2920,379,24,2,2025-05-30
2921,576,91,1,2025-01-26
2922,682,41,3,2025-03-31
2923,152,48,4,2024-11-10
2924,553,21,5,2025-04-22
2925,309,16,1,2025-02-14
2926,415,64,2,2025-02-17
2927,971,59,3,2025-03-21
2928,160,1,5,2025-01-21
2929,1000,65,3,2025-04-08
2930,663,91,3,2025-04-11
2931,486,38,5,2025-08-18
2932,683,19,5,2025-08-03
2933,747,57,3,2025-09-13
2934,706,15,4,2025-09-10
2935,922,6,2,2025-07-31
2936,695,71,1,2025-06-16
2937,316,4,4,2025-08-02
2938,633,29,4,2025-04-22
2939,366,12,3,2025-03-27
2940,57,78,2,2025-07-14
2941,598,68,2,2025-06-06
2942,801,99,3,2025-04-21
2943,201,3,1,2025-03-07
2944,552,58,1,2025-02-03
2945,1000,66,4,2024-10-08
2946,200,63,3,2025-02-09
2947,618,78,5,2025-03-18
2948,967,8,3,2025-06-01
2949,408,19,4,2025-06-22
2950,379,50,3,2024-12-16
2951,13,37,3,2025-04-21
2952,360,40,4,2025-09-29
2953,896,72,1,2025-09-07
2954,221,94,4,2025-02-15
2955,760,54,4,2024-12-03
2956,296,21,4,2025-06-29
2957,747,54,2,2024-10-02
2958,856,76,5,2025-03-09
2959,89,19,2,2025-04-09
2960,311,61,5,2024-10-01
2961,344,9,5,2025-01-20
2962,775,49,1,2024-11-02
2963,7,53,3,2025-02-11
2964,425,23,5,2024-12-30
2965,474,91,5,2025-09-01
2966,774,18,2,2025-05-09
2967,191,49,3,2024-10-11
2968,568,63,1,2025-01-07
2969,843,39,5,2025-03-23
2970,312,64,5,2024-10-15
2971,758,60,2,2025-06-10
2972,28,1,2,2024-12-30
2973,269,39,4,2025-05-15
2974,128,84,3,2025-09-19
2975,428,23,4,2025-07-27
2976,929,89,2,2025-08-10
2977,30,16,3,2025-09-03
2978,505,9,5,2025-09-28
2979,764,47,5,2025-05-18
2980,493,73,4,2025-03-27
2981,890,34,4,2025-03-21
2982,998,89,1,2025-08-15
2983,383,66,5,2025-06-30
2984,18,34,2,2025-07-21
2985,596,8,2,2024-10-12
2986,328,60,2,2024-10-09
2987,366,21,1,2025-08-22
2988,280,47,4,2024-11-24
2989,652,46,1,2025-06-25
2990,297,38,5,2025-08-13
2991,655,10,5,2024-11-16
2992,199,99,2,2025-03-01
2993,784,13,5,2025-08-04
2994,771,22,5,2024-10-19
2995,331,41,3,2025-05-20
2996,278,88,3,2024-10-21
2997,99,69,5,2024-11-03
2998,361,19,1,2025-04-16
2999,141,67,3,2025-09-23
3000,382,100,4,2024-12-09
3001,422,44,2,2025-05-11
3002,105,28,2,2024-10-05
3003,516,29,2,2025-08-01
3004,815,72,5,2025-08-05
3005,707,68,5,2025-01-22
3006,730,71,1,2025-06-15
3007,428,59,1,2025-08-26
3008,120,17,1,2025-05-01
3009,492,45,3,2025-09-09
3010,708,47,2,2025-04-05
3011,837,57,5,2025-09-08
3012,536,98,3,2025-02-23
3013,177,91,3,2025-08-01
3014,30,96,1,2025-06-01
3015,228,17,2,2024-10-22
3016,705,30,3,2025-07-27
3017,129,27,2,2025-03-31
3018,81,55,1,2025-06-22
3019,80,3,4,2024-10-29
3020,776,56,1,2025-03-10
3021,202,14,1,2025-01-07
3022,813,85,5,2024-12-10
3023,608,8,4,2025-04-02
3024,122,33,1,2024-12-01
3025,68,39,1,2025-06-29
3026,773,13,1,2025-08-01
3027,943,78,2,2024-09-30
3028,602,26,2,2025-01-07
3029,687,45,1,2025-02-04
3030,93,19,3,2025-01-31
3031,972,75,3,2025-04-24
3032,361,21,5,2025-06-10
3033,800,94,5,2025-04-24
3034,248,65,5,2025-03-17
3035,70,13,5,2024-11-10
3036,782,2,5,2024-11-01
3037,223,92,2,2025-06-23
3038,988,37,2,2024-12-05
3039,924,97,5,2025-05-03
3040,5,93,1,2025-09-17
3041,947,28,5,2025-07-06
3042,872,91,4,2025-07-14
3043,376,90,5,2024-12-17
3044,190,57,1,2025-02-13
3045,186,46,4,2024-10-28
3046,435,28,5,2025-06-21
3047,234,53,1,2024-12-28
3048,780,41,1,2025-08-01
3049,478,15,5,2025-05-22
3050,140,64,3,2025-08-24
3051,722,37,5,2024-12-07
3052,740,6,1,2025-07-02
3053,336,64,1,2024-11-16
3054,395,37,4,2024-10-18
3055,615,95,3,2025-06-14
3056,704,57,2,2024-12-03
3057,568,53,3,2024-11-19
3058,876,55,2,2025-01-22
3059,878,9,4,2024-12-20
3060,962,87,3,2024-12-06
3061,184,2,4,2025-08-18
3062,689,14,4,2024-12-02
3063,449,67,1,2025-01-14
3064,123,19,4,2025-06-11
3065,411,89,5,2025-01-03
3066,105,95,2,2025-03-27
3067,67,47,2,2025-04-28
3068,347,26,5,2025-02-03
3069,865,52,1,2025-05-21
3070,239,55,4,2025-03-12
3071,286,98,5,2025-05-17
3072,608,35,4,2025-07-30
3073,365,61,5,2024-10-12
3074,973,52,4,2025-07-31
3075,524,36,2,2025-02-17
3076,787,59,1,2025-04-13
3077,126,33,4,2024-12-15
3078,510,30,2,2025-06-13
3079,31,13,1,2025-02-02
3080,851,9,4,2025-07-22
3081,695,4,2,2025-07-17
3082,392,78,3,2024-12-13
3083,157,39,5,2025-06-12
3084,639,13,1,2025-04-01
3085,677,97,5,2025-07-29
3086,786,64,4,2025-07-16
3087,207,38,4,2024-11-01
3088,503,65,3,2025-07-09
3089,556,44,5,2025-01-01
3090,560,3,1,2025-03-19
3091,441,16,4,2024-10-10
3092,461,41,4,2024-11-10
3093,454,59,1,2025-05-27
3094,34,23,5,2024-12-06
3095,676,100,3,2024-11-19
3096,906,91,2,2025-05-01
3097,504,56,2,2025-02-12
3098,320,92,4,2025-02-14
3099,500,98,1,2025-05-02
3100,583,87,4,2024-10-11
3101,676,71,5,2025-06-12
3102,586,61,4,2025-05-17
3103,576,21,5,2025-08-13
3104,58,51,3,2024-10-01
3105,507,76,4,2025-03-02
3106,632,87,3,2025-01-29
3107,785,37,3,2025-05-24
3108,63,4,5,2024-11-04
3109,47,17,3,2025-08-29
3110,358,95,5,2025-01-19
3111,28,98,3,2025-03-18
3112,390,13,4,2024-12-06
3113,354,46,4,2024-10-06
3114,360,8,2,2025-07-22
3115,254,31,3,2025-03-15
3116,607,11,1,2025-04-27
3117,890,40,1,2025-03-07
3118,346,22,1,2025-02-22
3119,552,42,1,2025-07-31
3120,472,85,4,2024-12-30
3121,582,66,4,2025-02-12
3122,274,3,4,2025-01-30
3123,603,3,3,2025-06-04
3124,387,74,4,2025-01-16
3125,331,74,1,2025-09-19
3126,828,63,1,2025-08-16
3127,708,87,2,2025-07-05
3128,345,64,5,2025-08-24
3129,831,98,3,2025-04-02
3130,171,79,3,2025-03-02
3131,373,56,2,2025-07-09
3132,509,82,1,2025-09-13
3133,861,69,2,2025-02-22
3134,295,34,1,2024-10-09
3135,305,74,4,2025-04-04
3136,824,29,5,2025-09-01
3137,761,12,5,2025-08-19
3138,98,76,3,2025-09-17
3139,280,9,5,2025-09-09
3140,821,68,4,2024-12-10
3141,438,27,3,2025-09-19
3142,815,10,3,2025-07-01
3143,517,39,4,2024-11-15
3144,680,70,3,2025-01-28
3145,205,54,4,2025-09-15
3146,258,80,5,2025-09-19
3147,465,86,5,2025-01-20
3148,185,3,5,2025-07-06
3149,884,24,5,2025-07-19
3150,512,28,4,2025-03-15
3151,275,82,5,2024-11-28
3152,829,79,4,2024-09-29
3153,958,73,1,2024-11-21
3154,535,26,3,2025-08-18
3155,474,19,2,2025-01-17
3156,155,96,3,2024-10-28
3157,865,56,4,2024-12-24
3158,327,9,2,2024-12-12
3159,867,53,3,2024-11-01
3160,844,37,2,2024-12-27
3161,263,88,5,2025-06-06
3162,242,52,2,2025-08-04
3163,117,20,2,2025-02-12
3164,29,32,3,2025-03-22
3165,476,63,5,2025-02-02
3166,447,55,1,2025-03-20
3167,207,21,3,2025-06-07
3168,140,4,3,2025-06-11
3169,809,36,5,2025-08-29
3170,181,83,1,2025-05-31
3171,987,93,4,2025-07-30
3172,802,3,1,2025-06-14
3173,881,11,3,2025-07-05
3174,617,39,1,2024-11-03
3175,923,53,3,2024-11-15
3176,688,85,1,2025-07-05
3177,407,93,2,2024-11-16
3178,242,15,5,2025-07-09
3179,753,65,1,2025-08-23
3180,535,86,5,2025-07-26
3181,973,100,5,2025-06-23
3182,258,64,1,2025-03-03
3183,244,77,1,2025-02-20
3184,792,41,3,2024-10-25
3185,853,75,4,2025-03-26
3186,826,96,2,2025-06-26
3187,958,55,2,2025-05-01
3188,148,14,2,2024-12-19
3189,220,36,4,2025-05-09
3190,419,33,5,2025-07-07
3191,58,63,5,2025-02-11
3192,384,90,1,2025-01-31
3193,325,70,4,2025-07-27
3194,487,88,2,2025-05-10
3195,987,36,2,2025-07-01
3196,372,61,3,2025-08-29
3197,842,40,1,2025-05-23
3198,661,78,1,2024-11-18
3199,862,95,1,2024-12-06
3200,708,86,2,2024-12-15
3201,260,71,4,2025-03-07
3202,317,82,3,2025-01-31
3203,925,88,1,2025-05-26
3204,548,31,4,2025-03-03
3205,398,2,4,2025-01-11
3206,950,33,3,2025-02-17
3207,93,97,2,2025-07-26
3208,305,27,2,2024-10-11
3209,938,57,3,2025-09-14
3210,901,99,4,2025-03-02
3211,809,5,3,2024-11-27
3212,888,11,4,2025-06-05
3213,483,95,4,2025-07-31
3214,949,43,4,2025-03-18
3215,898,13,2,2024-10-29
3216,716,34,5,2025-06-07
3217,68,46,4,2024-11-05
3218,617,94,5,2025-08-10
3219,756,42,4,2025-07-20
3220,712,4,1,2024-10-03
3221,657,83,2,2025-01-23
3222,646,57,2,2025-04-27
3223,4,52,2,2025-02-16
3224,644,40,3,2025-03-14
3225,590,11,1,2025-03-25
3226,162,32,5,2025-09-15
3227,731,99,2,2025-02-23
3228,868,77,4,2025-07-08
3229,812,41,4,2025-01-17
3230,490,95,2,2025-01-01
3231,267,23,5,2025-05-19
3232,847,42,3,2025-05-07
3233,204,11,4,2025-07-19
3234,377,24,4,2025-03-12
3235,898,49,5,2025-02-12
3236,230,3,1,2025-03-21
3237,946,72,5,2025-01-29
3238,642,30,1,2025-04-12
3239,998,60,2,2025-02-09
3240,269,90,2,2025-07-13
3241,51,52,5,2025-09-22
3242,440,77,3,2025-04-11
3243,153,12,3,2025-02-16
3244,175,73,1,2025-06-02
3245,15,92,5,2024-11-23
3246,446,99,4,2025-01-30
3247,848,87,4,2025-09-05
3248,122,29,2,2025-05-02
3249,196,35,3,2024-12-10
3250,765,64,4,2025-07-23
3251,134,56,2,2025-06-22
3252,615,28,3,2025-03-14
3253,745,87,2,2024-10-16
3254,429,24,4,2025-01-10
3255,812,19,1,2024-11-12
3256,298,34,2,2025-03-27
3257,633,58,2,2025-02-10
3258,379,75,4,2025-08-20
3259,88,2,4,2025-06-07
3260,137,42,4,2024-12-30
3261,704,28,4,2025-01-30
3262,726,55,5,2025-01-15
3263,263,10,1,2025-07-25
3264,571,8,1,2025-04-15
3265,341,31,4,2024-12-03
3266,931,46,5,2025-02-06
3267,962,86,5,2024-10-05
3268,727,96,1,2025-01-25
3269,6,33,5,2025-05-19
3270,635,49,3,2025-05-05
3271,405,86,3,2025-02-06
3272,136,72,1,2024-10-12
3273,595,23,3,2025-06-26
3274,174,65,4,2024-12-28
3275,953,44,4,2024-10-29
3276,136,12,3,2024-11-02
3277,728,68,4,2025-06-22
3278,146,34,1,2025-05-18
3279,321,6,2,2025-03-05
3280,512,36,3,2025-01-07
3281,949,56,3,2025-09-19
3282,925,34,5,2025-06-08
3283,850,98,3,2024-12-27
3284,530,41,4,2025-07-28
3285,915,22,3,2025-07-31
3286,755,63,2,2025-06-24
3287,570,85,4,2025-04-08
3288,55,25,2,2025-03-15
3289,56,30,2,2024-10-27
3290,37,61,3,2025-02-12
3291,168,91,4,2024-11-21
3292,447,15,4,2025-09-21
3293,42,57,3,2025-05-20
3294,727,72,4,2025-08-17
3295,469,64,1,2025-02-15
3296,867,93,2,2025-09-22
3297,127,45,1,2024-10-27
3298,209,37,2,2025-09-03
3299,855,22,5,2025-06-30
3300,843,35,5,2025-03-02
3301,913,85,5,2024-10-07
3302,218,75,1,2025-09-11
3303,539,99,5,2025-01-01
3304,185,54,1,2025-05-25
3305,253,99,4,2025-08-18
3306,694,13,3,2025-08-01
3307,27,37,1,2025-03-06
3308,404,48,5,2024-11-10
3309,952,14,3,2024-12-08
3310,158,4,1,2025-01-02
3311,472,91,4,2025-01-17
3312,465,81,3,2025-04-05
3313,609,85,1,2025-08-07
3314,338,6,5,2024-12-27
3315,974,58,3,2025-07-18
3316,971,94,5,2025-02-12
3317,133,28,1,2025-03-21
3318,821,83,3,2025-07-04
3319,331,8,1,2025-03-07
3320,561,78,4,2025-06-29
3321,95,52,3,2025-07-10
3322,183,31,4,2025-01-08
3323,92,3,2,2025-06-01
3324,167,50,4,2025-05-08
3325,292,83,2,2025-08-27
3326,124,39,4,2025-06-04
3327,821,56,3,2025-01-06
3328,926,88,5,2025-02-25
3329,135,46,1,2024-10-05
3330,853,48,5,2025-02-27
3331,205,63,4,2024-11-15
3332,907,50,4,2025-01-04
3333,275,73,5,2025-05-06
3334,434,12,4,2025-09-21
3335,831,48,5,2025-01-23
3336,191,56,4,2024-12-19
3337,96,6,5,2024-10-05
3338,350,60,2,2025-01-25
3339,664,88,2,2024-10-22
3340,954,64,5,2025-01-12
3341,645,83,5,2025-06-16
3342,86,38,4,2025-07-28
3343,448,11,4,2025-05-02
3344,308,20,2,2025-05-19
3345,701,39,2,2025-01-27
3346,536,55,3,2025-02-18
3347,583,7,5,2025-09-04
3348,79,6,5,2024-10-03
3349,111,66,4,2025-01-31
3350,423,13,4,2025-02-02
3351,677,93,5,2025-03-10
3352,833,33,3,2025-03-17
3353,261,75,1,2025-06-27
3354,788,65,1,2024-12-15
3355,117,95,4,2025-06-11
3356,184,24,4,2025-06-02
3357,47,11,4,2024-12-31
3358,898,91,3,2024-10-10
3359,322,76,4,2025-08-06
3360,776,86,4,2025-09-18
3361,639,34,3,2025-05-18
3362,990,24,2,2025-04-22
3363,190,11,5,2025-02-02
3364,266,87,1,2024-12-13
3365,445,69,1,2025-09-24
3366,6,51,1,2025-02-11
3367,14,22,4,2025-01-13
3368,472,89,4,2025-01-22
3369,890,85,5,2025-06-02
3370,744,63,3,2024-10-09
3371,634,79,3,2025-05-15
3372,708,87,4,2024-11-29
3373,824,39,1,2025-02-04
3374,129,18,1,2025-03-05
3375,196,15,1,2025-09-28
3376,713,25,1,2024-10-07
3377,215,62,2,2025-09-20
3378,666,31,4,2025-04-20
3379,863,81,5,2025-03-27
3380,196,12,3,2024-12-23
3381,789,60,2,2025-09-01
3382,486,55,1,2024-11-16
3383,120,22,2,2025-05-09
3384,757,90,4,2025-08-05
3385,987,63,4,2024-11-03
3386,21,58,5,2024-12-17
3387,249,26,3,2025-09-27
3388,584,51,1,2025-04-25
3389,342,2,1,2024-12-03
3390,646,92,4,2024-11-26
3391,426,64,5,2025-07-10
3392,611,94,5,2025-06-24
3393,298,5,4,2025-02-22
3394,410,63,5,2025-02-25
3395,606,93,5,2025-06-30
3396,958,87,4,2025-03-01
3397,238,92,1,2025-05-06
3398,541,3,4,2025-01-23
3399,591,41,5,2025-02-08
3400,66,35,4,2024-11-06
3401,911,61,1,2025-08-18
3402,507,80,3,2025-09-15
3403,460,90,4,2025-07-04
3404,22,21,3,2025-01-23
3405,744,25,4,2025-04-13
3406,353,57,2,2025-02-19
3407,520,29,5,2025-08-09
3408,931,88,3,2025-03-29
3409,944,78,4,2025-03-17
3410,135,38,4,2025-07-28
3411,983,54,3,2025-03-12
3412,816,61,2,2025-09-02
3413,637,27,3,2024-12-03
3414,708,96,1,2025-01-12
3415,684,62,2,2025-04-11
3416,178,26,2,2025-01-29
3417,621,63,1,2025-03-17
3418,813,54,4,2024-12-01
3419,311,31,2,2025-08-27
3420,571,7,1,2025-02-16
3421,368,34,3,2025-05-26
3422,694,21,2,2025-09-20
3423,848,65,1,2025-02-26
3424,827,9,3,2025-05-19
3425,441,15,5,2025-05-13
3426,233,16,5,2024-11-18
3427,230,63,3,2025-05-13
3428,349,46,1,2025-09-29
3429,789,72,3,2025-05-06
3430,918,20,5,2025-06-23
3431,619,86,1,2025-09-10
3432,724,7,4,2025-01-25
3433,819,59,1,2024-12-29
3434,999,14,5,2025-04-25
3435,625,14,5,2025-03-20
3436,43,65,1,2024-11-01
3437,172,81,1,2025-02-11
3438,892,27,3,2025-06-27
3439,161,94,3,2025-08-18
3440,726,57,5,2025-05-26
3441,511,94,1,2025-04-19
3442,158,83,3,2025-08-11
3443,343,18,1,2025-08-06
3444,869,26,4,2024-11-27
3445,993,54,1,2025-02-11
3446,252,61,3,2025-08-15
3447,294,65,2,2024-12-02
3448,88,35,3,2025-09-06
3449,733,97,4,2025-09-01
3450,370,81,2,2025-01-25
3451,156,97,5,2025-01-14
3452,432,30,2,2025-08-22
3453,822,55,4,2024-12-13
3454,941,53,4,2025-03-16
3455,975,67,3,2024-12-27
3456,967,4,4,2025-05-07
3457,150,99,1,2025-09-26
3458,735,67,1,2025-07-17
3459,87,44,3,2025-09-20
3460,412,99,2,2025-03-31
3461,445,8,4,2024-11-08
3462,778,5,2,2025-05-08
3463,925,74,1,2025-01-28
3464,647,92,5,2025-08-31
3465,997,38,4,2024-11-26
3466,412,88,5,2025-03-17
3467,895,39,3,2025-09-16
3468,932,45,1,2024-10-01
3469,847,36,5,2024-10-10
3470,626,19,4,2025-06-03
3471,457,83,2,2025-08-12
3472,909,70,5,2025-09-28
3473,808,80,4,2025-08-10
3474,715,45,4,2024-10-24
3475,795,26,3,2025-02-28
3476,87,5,5,2025-01-02
3477,343,50,2,2025-06-18
3478,533,70,3,2024-11-12
3479,219,12,5,2025-07-10
3480,566,40,5,2025-05-23
3481,349,97,2,2025-04-12
3482,24,4,5,2024-10-07
3483,607,34,2,2025-03-23
3484,853,100,3,2025-06-21
3485,744,55,5,2025-01-14
3486,114,94,1,2025-02-21
3487,862,48,3,2025-07-26
3488,643,65,3,2025-07-07
3489,127,7,1,2025-02-08
3490,460,39,5,2025-06-18
3491,755,1,4,2025-04-04
3492,348,31,5,2025-05-24
3493,580,92,5,2025-03-04
3494,865,77,2,2024-11-13
3495,359,39,3,2024-11-21
3496,683,92,5,2025-01-03
3497,689,18,4,2025-07-28
3498,533,95,2,2025-07-01
3499,108,42,5,2024-11-08
3500,597,25,3,2024-11-29
3501,466,13,2,2025-02-27
3502,729,55,4,2025-01-31
3503,84,12,1,2025-08-29
3504,436,17,4,2025-07-17
3505,220,58,1,2024-12-14
3506,379,87,5,2024-11-03
3507,413,76,5,2025-05-21
3508,532,100,4,2024-10-26
3509,893,34,5,2025-08-24
3510,511,82,4,2025-03-27
3511,451,89,4,2024-12-27
3512,750,54,2,2025-01-02
3513,148,65,2,2025-01-15
3514,497,92,4,2025-03-10
3515,133,91,5,2025-07-14
3516,884,68,1,2025-06-12
3517,712,28,4,2025-04-24
3518,485,5,2,2025-05-04
3519,967,72,3,2025-07-04
3520,944,16,5,2024-11-22
3521,873,53,1,2025-01-12
3522,124,48,5,2024-12-18
3523,297,6,5,2025-02-11
3524,157,16,3,2025-02-08
3525,313,48,3,2025-01-13
3526,302,63,1,2025-09-09
3527,811,19,2,2024-11-25
3528,803,76,4,2025-05-19
3529,50,40,3,2025-03-21
3530,221,24,4,2025-03-08
3531,3,16,5,2025-01-14
3532,358,9,1,2025-06-28
3533,428,62,5,2025-06-10
3534,318,73,4,2024-11-21
3535,922,44,4,2025-01-13
3536,487,93,5,2025-02-16
3537,136,98,2,2025-05-20
3538,517,82,4,2024-10-09
3539,780,58,4,2024-12-15
3540,153,94,3,2025-01-17
3541,92,80,5,2025-04-30
3542,420,50,2,2025-01-01
3543,922,51,3,2025-06-19
3544,554,6,4,2025-06-28
3545,754,36,1,2025-09-28
3546,887,22,1,2025-02-24
3547,586,81,3,2025-05-13
3548,575,83,1,2024-11-30
3549,660,72,1,2025-02-01
3550,198,80,5,2024-11-25
3551,591,97,1,2025-08-07
3552,981,73,5,2025-01-22
3553,194,97,4,2025-02-13
3554,515,3,1,2025-08-11
3555,675,69,2,2025-03-25
3556,986,3,3,2024-11-29
3557,806,27,2,2025-04-09
3558,850,91,5,2024-12-02
3559,455,11,5,2025-08-23
3560,622,42,4,2024-10-04
3561,604,6,4,2025-09-10
3562,883,3,3,2025-02-01
3563,448,24,4,2025-01-20
3564,25,68,3,2024-12-20
3565,392,33,1,2025-01-08
3566,118,13,5,2025-07-10
3567,173,37,2,2025-07-14
3568,188,33,1,2025-05-24
3569,158,40,4,2025-02-06
3570,695,22,1,2025-03-16
3571,630,42,2,2025-08-29
3572,28,92,1,2025-08-26
3573,306,50,1,2025-08-02
3574,328,19,4,2025-08-04
3575,915,42,3,2025-07-12
3576,385,16,1,2025-04-08
3577,208,31,5,2024-12-21
3578,601,31,4,2024-12-12
3579,521,97,5,2025-05-30
3580,395,15,3,2025-02-21
3581,63,41,4,2024-11-04
3582,567,53,1,2025-01-27
3583,496,4,4,2024-10-23
3584,649,30,1,2025-04-19
3585,276,71,5,2025-04-12
3586,692,13,2,2025-06-27
3587,782,72,2,2025-08-14
3588,312,73,4,2025-09-19
3589,457,11,5,2024-10-19
3590,209,19,3,2025-04-24
3591,554,22,2,2024-12-28
3592,551,55,5,2024-12-31
3593,463,6,1,2025-06-26
3594,833,60,5,2025-06-08
3595,297,84,2,2025-05-25
3596,1,8,4,2024-12-27
3597,280,77,3,2025-06-08
3598,860,88,4,2025-03-14
3599,360,81,2,2024-10-13
3600,600,66,3,2025-05-09
3601,47,21,5,2025-04-19
3602,577,9,3,2024-11-01
3603,92,51,1,2024-12-07
3604,851,18,5,2025-07-30
3605,287,56,2,2024-10-22
3606,626,65,3,2025-08-25
3607,906,88,3,2025-04-08
3608,651,34,4,2024-10-21
3609,280,32,3,2024-12-21
3610,350,27,4,2025-05-01
3611,983,77,3,2025-04-29
3612,17,89,2,2025-03-17
3613,662,1,5,2025-04-13
3614,488,1,1,2025-07-11
3615,689,23,4,2025-01-23
3616,570,90,4,2025-05-19
3617,781,51,5,2024-12-09
3618,84,84,1,2024-11-10
3619,552,4,4,2024-10-29
3620,689,16,3,2024-12-10
3621,996,49,5,2025-04-15
3622,367,50,2,2024-12-16
3623,860,99,1,2025-03-26
3624,128,60,3,2025-04-25
3625,959,25,4,2025-04-29
3626,10,29,1,2025-08-10
3627,777,36,3,2024-11-08
3628,197,12,5,2025-08-19
3629,641,39,2,2025-07-10
3630,240,64,3,2024-12-09
3631,38,36,4,2025-07-20
3632,927,91,5,2025-05-11
3633,215,1,2,2025-03-14
3634,841,82,4,2024-09-29
3635,114,36,5,2025-07-02
3636,513,64,2,2025-05-07
3637,566,25,5,2025-03-28
3638,689,88,5,2024-12-02
3639,579,23,1,2025-04-02
3640,603,17,1,2025-04-05
3641,131,34,5,2025-09-12
3642,877,30,5,2025-01-16
3643,747,36,2,2025-08-12
3644,869,87,1,2024-12-29
3645,994,89,5,2025-01-07
3646,630,33,5,2025-04-22
3647,905,59,1,2025-01-20
3648,961,55,1,2025-03-09
3649,875,42,4,2025-09-21
3650,865,53,3,2025-09-10
3651,125,88,5,2025-03-26
3652,478,64,3,2025-01-23
3653,530,98,1,2025-09-20
3654,906,93,2,2025-03-20
3655,49,36,4,2024-11-27
3656,546,58,3,2024-10-22
3657,6,51,2,2025-03-06
3658,343,11,5,2025-01-18
3659,828,4,2,2025-09-02
3660,707,55,1,2025-03-10
3661,940,32,2,2025-05-20
3662,169,43,3,2025-04-14
3663,65,81,1,2024-12-04
3664,29,62,4,2025-07-11
3665,828,4,5,2025-07-05
3666,817,81,3,2024-12-16
3667,861,33,2,2025-03-31
3668,111,61,2,2025-01-24
3669,982,44,1,2025-04-11
3670,842,43,5,2024-11-05
3671,814,31,1,2025-01-16
3672,795,77,5,2025-05-10
3673,450,98,1,2025-04-25
3674,641,58,5,2024-11-24
3675,128,11,1,2024-11-25
3676,939,5,4,2025-07-06
3677,321,89,1,2025-07-13
3678,802,17,1,2025-08-06
3679,942,57,1,2025-05-10
3680,309,79,4,2024-11-25
3681,68,14,1,2025-09-14
3682,573,7,3,2025-09-23
3683,871,49,4,2025-05-26
3684,99,80,4,2025-07-14
3685,239,77,5,2025-07-11
3686,11,59,4,2025-01-05
3687,476,55,5,2025-09-05
3688,635,13,3,2025-03-20
3689,667,87,1,2025-08-08
3690,465,67,3,2025-01-18
3691,602,25,1,2024-11-21
3692,106,2,5,2025-01-29
3693,731,9,5,2025-02-05
3694,809,25,5,2025-06-28
3695,130,82,5,2025-03-12
3696,263,46,4,2025-03-03
3697,493,93,5,2025-02-20
3698,456,24,2,2025-02-28
3699,141,6,1,2025-07-04
3700,131,40,5,2025-02-23
3701,447,66,3,2025-09-18
3702,319,75,5,2025-02-05
3703,795,19,2,2025-07-20
3704,481,40,5,2025-09-20
3705,352,38,3,2025-07-06
3706,994,2,5,2024-10-06
3707,601,85,2,2025-06-13
3708,59,31,5,2024-12-14
3709,839,72,1,2025-06-18
3710,433,45,2,2025-01-14
3711,1000,26,2,2025-02-12
3712,805,9,3,2025-01-24
3713,194,86,4,2025-07-15
3714,712,89,4,2025-01-26
3715,615,89,3,2025-04-21
3716,873,75,5,2024-12-10
3717,987,43,5,2024-12-16
3718,307,54,3,2025-04-01
3719,167,14,4,2025-08-08
3720,898,6,4,2024-11-07
3721,225,1,2,2024-12-26
3722,710,30,4,2025-01-26
3723,639,28,2,2025-03-23
3724,493,95,3,2025-06-19
3725,827,95,4,2025-03-19
3726,211,52,2,2025-09-19
3727,846,1,3,2024-10-15
3728,11,10,3,2025-05-28
3729,31,72,1,2025-06-07
3730,146,38,4,2025-08-27
3731,200,81,5,2025-03-26
3732,935,98,3,2025-01-09
3733,45,4,2,2025-05-09
3734,203,37,2,2025-02-13
3735,225,34,2,2024-11-05
3736,348,71,2,2025-05-21
3737,183,26,1,2025-01-08
3738,181,34,1,2025-02-11
3739,22,87,2,2025-09-02
3740,389,84,1,2024-11-08
3741,347,27,3,2024-11-17
3742,468,31,3,2025-06-30
3743,829,48,2,2025-01-25
3744,964,68,5,2025-07-09
3745,903,56,1,2025-02-27
3746,122,19,2,2024-11-23
3747,814,25,2,2024-11-23
3748,546,49,3,2025-01-16
3749,326,77,4,2024-12-11
3750,652,32,1,2024-10-31
3751,782,79,5,2024-12-27
3752,194,69,3,2025-04-26
3753,809,20,3,2025-07-05
3754,254,7,3,2025-01-02
3755,894,17,5,2025-04-11
3756,992,75,4,2025-01-13
3757,215,94,1,2024-10-06
3758,804,61,5,2025-07-08
3759,67,22,5,2024-10-23
3760,398,97,5,2025-07-13
3761,384,64,5,2025-06-16
3762,476,23,3,2025-01-21
3763,730,48,5,2025-08-07
3764,712,62,4,2025-08-26
3765,486,35,5,2025-03-11
3766,411,82,5,2025-08-18
3767,666,5,2,2024-12-05
3768,225,26,4,2025-03-19
3769,884,31,4,2025-03-16
3770,224,40,4,2025-01-28
3771,911,49,5,2025-06-04
3772,161,48,3,2025-06-13
3773,564,11,2,2024-12-31
3774,770,11,3,2025-06-29
3775,456,67,3,2024-10-07
3776,236,75,1,2024-11-11
3777,477,66,5,2025-02-26
3778,345,55,4,2025-02-21
3779,479,56,4,2025-03-26
3780,377,64,3,2024-10-16
3781,280,49,1,2025-04-10
3782,184,57,2,2025-08-29
3783,272,83,1,2025-04-04
3784,368,11,3,2024-10-04
3785,863,65,5,2025-03-08
3786,560,83,1,2024-10-10
3787,805,36,2,2025-04-01
3788,101,16,1,2025-07-18
3789,369,5,5,2025-07-15
3790,206,43,2,2025-03-28
3791,692,43,3,2025-04-27
3792,310,96,3,2025-05-19
3793,196,91,5,2025-06-24
3794,142,97,5,2025-04-23
3795,935,34,1,2025-09-20
3796,789,39,3,2025-07-11
3797,843,45,4,2025-04-11
3798,969,52,5,2025-07-18
3799,776,84,1,2025-08-04
3800,484,84,5,2024-10-31
3801,780,20,4,2025-09-01
3802,234,30,2,2025-05-10
3803,486,30,5,2025-09-27
3804,602,71,4,2025-07-01
3805,740,60,3,2025-07-06
3806,811,11,3,2025-03-05
3807,867,25,4,2025-01-08
3808,789,90,4,2025-03-13
3809,215,57,4,2025-08-17
3810,874,72,1,2025-06-26
3811,384,18,5,2025-05-25
3812,895,17,3,2024-10-25
3813,966,95,1,2025-05-24
3814,512,85,3,2025-01-31
3815,348,29,4,2025-04-10
3816,436,88,4,2025-06-09
3817,782,100,5,2025-07-26
3818,307,42,5,2025-03-06
3819,24,73,1,2024-10-06
3820,945,18,2,2025-04-27
3821,976,43,5,2024-10-01
3822,645,78,5,2025-07-29
3823,588,51,4,2024-10-05
3824,210,51,1,2024-12-20
3825,548,50,2,2025-03-04
3826,487,14,3,2025-01-01
3827,584,58,3,2024-12-19
3828,96,22,1,2025-06-02
3829,692,71,2,2025-01-26
3830,33,89,5,2025-03-15
3831,501,4,2,2025-05-30
3832,204,9,4,2025-07-07
3833,291,27,2,2025-04-27
3834,299,85,5,2025-02-05
3835,72,59,1,2025-08-17
3836,378,67,1,2025-08-12
3837,176,42,4,2024-11-23
3838,401,21,1,2025-07-08
3839,133,69,4,2024-12-13
3840,490,96,1,2024-12-04
3841,399,27,2,2024-10-08
3842,892,27,3,2025-05-07
3843,443,91,4,2025-08-04
3844,163,78,5,2025-07-11
3845,962,40,5,2025-04-14
3846,208,65,4,2025-09-13
3847,283,26,1,2025-01-26
3848,147,58,1,2025-01-22
3849,845,52,5,2024-12-22
3850,827,32,5,2024-12-14
3851,337,73,4,2025-01-17
3852,472,60,5,2025-03-03
3853,41,95,1,2025-01-06
3854,295,83,4,2025-09-06
3855,356,90,3,2024-12-17
3856,401,79,2,2025-02-06
3857,426,32,2,2024-11-18
3858,922,80,4,2025-08-23
3859,469,50,2,2025-03-08
3860,716,73,1,2025-07-31
3861,403,90,1,2025-02-13
3862,246,21,3,2025-03-10
3863,904,81,5,2025-06-28
3864,299,86,1,2025-06-26
3865,715,93,2,2025-02-15
3866,931,64,4,2025-03-11
3867,781,71,1,2025-02-22
3868,378,10,1,2024-12-13
3869,517,99,3,2025-02-15
3870,420,58,2,2025-07-24
3871,259,27,5,2024-11-01
3872,46,60,1,2024-12-02
3873,75,82,4,2025-08-29
3874,391,44,4,2025-06-21
3875,877,25,4,2024-11-12
3876,39,2,3,2025-07-02
3877,118,91,2,2024-11-12
3878,335,86,4,2025-03-27
3879,497,60,1,2025-05-08
3880,85,71,2,2025-06-30
3881,731,57,2,2025-01-22
3882,483,36,2,2024-12-07
3883,175,3,5,2025-09-24
3884,103,23,3,2025-07-18
3885,128,69,4,2025-02-07
3886,173,10,1,2024-12-31
3887,694,35,2,2024-11-08
3888,452,46,2,2025-03-15
3889,222,92,1,2024-10-01
3890,915,87,5,2025-07-20
3891,222,57,1,2025-02-22
3892,857,82,5,2025-08-08
3893,657,85,1,2025-02-05
3894,400,89,3,2025-09-10
3895,455,7,5,2025-08-01
3896,5,7,4,2025-03-06
3897,786,26,2,2025-08-05
3898,384,31,2,2025-01-17
3899,94,3,4,2025-09-29
3900,29,2,3,2024-10-29
3901,841,25,1,2025-05-22
3902,226,13,2,2025-02-18
3903,742,22,1,2025-03-20
3904,426,66,1,2025-09-12
3905,836,42,3,2025-01-07
3906,576,81,2,2025-05-23
3907,640,27,5,2025-01-25
3908,405,55,1,2024-11-19
3909,238,28,1,2024-12-29
3910,366,42,2,2025-04-23
3911,16,52,3,2024-11-14
3912,13,50,2,2024-11-25
3913,470,29,1,2025-06-10
3914,674,36,5,2025-07-04
3915,378,6,1,2024-10-21
3916,907,28,4,2025-07-19
3917,309,99,5,2025-08-12
3918,512,14,5,2025-05-28
3919,811,73,2,2025-02-12
3920,258,13,5,2025-02-27
3921,333,81,4,2024-11-25
3922,695,99,2,2024-12-01
3923,341,23,3,2025-09-06
3924,872,86,4,2025-09-17
3925,70,43,1,2025-06-27
3926,624,75,4,2025-07-22
3927,392,66,2,2024-12-04
3928,516,76,1,2025-08-16
3929,239,3,5,2024-11-08
3930,778,16,3,2024-11-27
3931,243,95,4,2025-03-30
3932,776,32,5,2025-01-19
3933,82,8,2,2025-05-15
3934,384,64,3,2025-08-27
3935,207,20,4,2025-01-04
3936,210,83,1,2025-01-24
3937,244,93,5,2025-07-12
3938,969,57,3,2025-01-28
3939,138,36,3,2025-08-20
3940,660,98,1,2024-10-11
3941,534,54,3,2025-08-14
3942,769,4,2,2025-08-29
3943,868,94,3,2024-10-16
3944,351,32,2,2025-02-13
3945,553,7,2,2025-05-06
3946,821,88,2,2025-04-09
3947,623,49,5,2024-11-25
3948,330,24,4,2024-10-04
3949,645,1,1,2025-08-23
3950,891,63,1,2024-11-01
3951,977,25,1,2025-09-25
3952,650,19,2,2024-11-09
3953,129,12,2,2025-03-22
3954,607,71,2,2025-09-23
3955,242,65,1,2025-08-08
3956,437,93,4,2025-04-13
3957,319,22,2,2024-11-17
3958,251,55,2,2025-05-07
3959,621,32,3,2025-05-20
3960,293,74,4,2025-01-20
3961,991,82,2,2025-03-19
3962,279,62,1,2025-08-25
3963,974,47,4,2024-11-14
3964,387,22,4,2025-05-27
3965,452,55,5,2025-02-09
3966,625,95,4,2025-05-11
3967,779,20,4,2025-06-18
3968,21,98,4,2025-03-22
3969,438,11,3,2025-06-30
3970,610,69,2,2025-08-06
3971,567,94,2,2024-12-09
3972,264,49,4,2024-12-18
3973,314,59,3,2024-11-15
3974,385,72,5,2025-09-08
3975,493,10,3,2024-12-20
3976,140,92,4,2024-10-29
3977,201,20,2,2024-11-02
3978,5,2,5,2025-02-23
3979,748,93,3,2025-08-19
3980,504,52,4,2024-11-06
3981,963,51,3,2024-12-20
3982,394,63,3,2024-12-05
3983,657,76,1,2025-05-28
3984,419,5,1,2025-01-27
3985,395,73,2,2025-09-20
3986,199,98,4,2025-05-31
3987,981,33,3,2025-04-07
3988,522,91,4,2025-04-28
3989,651,89,3,2025-08-18
3990,714,8,4,2025-07-04
3991,949,55,2,2024-11-16
3992,249,62,1,2025-03-02
3993,944,47,1,2025-05-28
3994,715,86,2,2025-04-29
3995,268,78,4,2025-09-06
3996,967,88,2,2024-10-11
3997,261,32,5,2025-08-26
3998,593,85,2,2025-02-16
3999,13,15,1,2024-10-16
4000,660,92,4,2024-12-10
4001,408,91,5,2024-12-04
4002,998,11,5,2024-11-20
4003,932,25,4,2024-10-11
4004,170,55,3,2025-07-16
4005,709,39,5,2024-11-27
4006,991,69,4,2025-01-25
4007,601,40,4,2025-04-26
4008,771,94,1,2025-03-25
4009,112,82,5,2025-02-01
4010,796,45,2,2025-05-17
4011,276,96,2,2025-07-25
4012,953,96,4,2025-04-28
4013,716,40,1,2025-03-13
4014,173,63,1,2024-12-16
4015,100,9,4,2025-05-14
4016,538,54,3,2025-04-16
4017,751,56,2,2024-11-11
4018,181,48,2,2025-01-09
4019,721,18,2,2025-07-07
4020,499,24,5,2025-09-02
4021,972,15,4,2025-01-30
4022,581,28,2,2025-08-21
4023,206,8,2,2024-12-31
4024,829,98,2,2025-07-21
4025,266,53,4,2025-03-26
4026,642,80,1,2025-04-17
4027,890,82,2,2025-05-29
4028,82,38,1,2025-05-31
4029,387,16,3,2025-02-01
4030,66,44,1,2025-04-06
4031,600,31,4,2024-10-22
4032,497,87,1,2025-02-09
4033,10,8,3,2025-05-22
4034,770,1,5,2025-09-17
4035,809,6,1,2024-11-14
4036,217,67,1,2024-12-21
4037,385,78,5,2025-03-15
4038,986,98,3,2024-11-08
4039,955,63,4,2025-04-18
4040,776,44,5,2025-01-15
4041,440,44,3,2025-08-14
4042,699,44,3,2025-01-19
4043,837,31,3,2025-03-07
4044,682,52,4,2025-09-24
4045,626,8,3,2024-10-29
4046,895,43,1,2025-08-12
4047,4,59,4,2025-04-01
4048,743,18,1,2025-02-21
4049,617,16,5,2025-09-08
4050,287,90,2,2025-09-29
4051,378,58,5,2024-12-09
4052,703,85,4,2025-08-02
4053,528,53,2,2024-12-19
4054,4,82,3,2024-10-05
4055,18,82,3,2025-06-24
4056,895,6,3,2025-02-05
4057,695,57,2,2025-05-06
4058,622,63,4,2024-11-23
4059,757,79,1,2025-08-09
4060,357,55,4,2025-04-09
4061,675,90,1,2025-07-18
4062,752,50,3,2025-02-08
4063,622,25,2,2024-12-22
4064,891,67,5,2025-09-10
4065,804,92,5,2025-04-11
4066,33,17,4,2025-02-13
4067,816,12,3,2024-11-04
4068,853,87,5,2024-11-28
4069,896,60,2,2025-05-19
4070,918,58,1,2025-05-13
4071,494,85,5,2025-08-03
4072,247,32,2,2025-06-30
4073,175,97,1,2024-11-23
4074,109,56,1,2025-09-08
4075,165,42,4,2025-05-10
4076,785,36,2,2025-08-09
4077,737,33,4,2025-01-08
4078,975,86,1,2025-09-15
4079,682,18,5,2025-09-11
4080,649,93,4,2025-01-15
4081,93,89,3,2025-08-24
4082,893,29,5,2025-09-19
4083,785,77,1,2025-08-22
4084,660,44,4,2025-03-19
4085,933,92,4,2024-11-17
4086,670,83,5,2025-09-07
4087,990,56,2,2024-09-29
4088,229,34,1,2024-12-29
4089,298,12,1,2025-04-20
4090,92,44,5,2025-01-21
4091,960,25,1,2025-09-01
4092,587,48,2,2025-05-11
4093,874,41,4,2025-09-15
4094,591,95,1,2024-10-20
4095,319,8,5,2025-02-26
4096,549,25,4,2024-11-20
4097,434,41,3,2025-07-27
4098,817,87,2,2025-07-05
4099,533,85,5,2025-07-21
4100,605,29,1,2025-09-12
4101,405,2,5,2024-12-26
4102,873,59,3,2025-07-13
4103,149,38,2,2025-05-23
4104,512,88,4,2025-02-19
4105,151,77,3,2024-12-08
4106,150,96,1,2025-07-31
4107,614,41,3,2024-10-24
4108,515,89,1,2025-09-16
4109,281,91,5,2025-01-08
4110,490,81,2,2025-08-21
4111,507,38,4,2024-11-13
4112,61,43,2,2025-06-26
4113,848,92,2,2025-09-09
4114,869,94,2,2024-11-23
4115,718,95,1,2025-03-10
4116,946,100,2,2025-06-02
4117,878,63,4,2025-07-04
4118,307,85,2,2024-10-02
4119,23,71,4,2024-11-10
4120,346,55,4,2025-01-20
4121,357,97,4,2024-11-05
4122,401,10,5,2025-05-17
4123,745,37,3,2025-03-20
4124,714,25,5,2025-05-28
4125,404,13,2,2025-01-16
4126,332,97,5,2024-11-13
4127,887,7,3,2025-06-27
4128,469,84,2,2025-03-14
4129,592,18,4,2024-10-24
4130,713,62,3,2025-09-22
4131,919,19,2,2025-08-28
4132,224,96,2,2025-01-31
4133,753,84,1,2025-01-06
4134,371,93,5,2025-09-25
4135,105,87,2,2025-02-15
4136,386,55,2,2025-08-21
4137,949,8,1,2024-11-09
4138,365,61,2,2025-03-18
4139,968,7,1,2025-05-01
4140,528,84,3,2025-08-15
4141,608,56,2,2025-06-09
4142,643,93,4,2025-07-16
4143,251,5,1,2025-07-03
4144,247,51,4,2024-12-20
4145,310,89,5,2024-11-05
4146,978,23,4,2025-09-29
4147,795,89,1,2025-05-07
4148,797,60,4,2025-05-06
4149,282,81,4,2025-02-08
4150,377,2,1,2025-08-13
4151,120,11,1,2025-05-30
4152,501,83,5,2025-08-01
4153,231,3,5,2025-09-16
4154,587,74,4,2025-03-02
4155,281,89,1,2025-05-20
4156,814,76,2,2025-08-11
4157,394,62,4,2025-01-09
4158,306,74,2,2025-06-21
4159,102,42,1,2025-01-07
4160,731,69,2,2024-12-30
4161,416,90,1,2025-04-02
4162,404,72,5,2025-03-01
4163,803,68,4,2025-08-01
4164,66,67,5,2025-09-23
4165,552,92,1,2024-10-29
4166,772,97,2,2024-11-05
4167,989,85,1,2025-07-20
4168,186,77,2,2024-12-26
4169,6,72,4,2025-03-29
4170,820,41,1,2025-05-03
4171,41,17,5,2025-05-30
4172,212,84,2,2024-11-06
4173,90,72,3,2025-07-11
4174,872,97,1,2025-06-15
4175,87,16,5,2025-04-22
4176,306,47,5,2025-08-01
4177,176,55,1,2025-02-13
4178,255,39,1,2025-04-06
4179,969,67,3,2025-09-02
4180,675,69,4,2025-02-16
4181,144,74,4,2025-05-07
4182,712,41,5,2025-05-03
4183,933,46,5,2025-07-16
4184,552,66,2,2025-09-13
4185,705,13,1,2025-04-27
4186,243,5,2,2024-11-10
4187,146,39,2,2025-07-05
4188,981,18,5,2025-02-08
4189,566,28,5,2025-06-02
4190,368,36,2,2025-08-25
4191,747,80,4,2025-03-02
4192,77,71,3,2025-02-20
4193,267,49,2,2025-06-28
4194,410,59,1,2025-02-03
4195,968,33,4,2025-07-14
4196,963,89,2,2025-08-06
4197,549,27,1,2025-04-26
4198,645,94,3,2025-04-08
4199,649,90,2,2025-09-08
4200,732,48,5,2025-07-23
4201,674,83,5,2025-05-16
4202,620,21,4,2025-07-10
4203,842,20,3,2025-05-31
4204,807,56,4,2024-10-08
4205,27,78,2,2025-04-24
4206,80,35,1,2024-10-07
4207,545,15,5,2025-09-10
4208,417,9,3,2024-11-04
4209,656,12,3,2025-08-31
4210,932,43,3,2025-07-19
4211,150,29,3,2025-06-22
4212,11,13,4,2025-08-05
4213,993,29,4,2024-12-30
4214,975,14,1,2025-07-25
4215,180,68,3,2025-02-01
4216,603,63,1,2025-09-20
4217,542,45,5,2024-12-29
4218,887,37,5,2025-03-11
4219,278,78,1,2024-10-16
4220,919,7,2,2025-03-15
4221,326,97,4,2025-09-26
4222,186,45,5,2025-01-03
4223,565,77,4,2025-07-16
4224,489,76,2,2024-12-14
4225,266,2,5,2025-07-08
4226,731,20,2,2025-04-17
4227,147,49,5,2025-01-24
4228,754,35,1,2025-02-22
4229,941,93,3,2025-02-03
4230,725,100,2,2025-07-24
4231,695,78,4,2025-08-04
4232,724,59,2,2025-08-08
4233,450,46,4,2025-01-29
4234,515,37,3,2025-05-12
4235,976,55,5,2025-06-26
4236,965,92,2,2025-08-01
4237,313,82,1,2024-12-21
4238,971,40,4,2025-07-29
4239,790,41,1,2024-11-05
4240,650,11,1,2025-06-20
4241,748,31,1,2025-05-21
4242,170,74,1,2025-01-21
4243,87,96,3,2025-03-29
4244,568,64,1,2024-12-06
4245,986,55,5,2025-02-16
4246,955,94,2,2025-01-03
4247,492,64,5,2025-06-14
4248,702,87,5,2025-02-04
4249,715,16,4,2025-07-20
4250,15,79,2,2025-08-22
4251,933,96,1,2025-07-02
4252,732,55,5,2025-09-15
4253,768,45,2,2025-01-25
4254,757,85,5,2024-11-08
4255,701,78,1,2025-04-29
4256,622,58,2,2025-08-27
4257,691,98,5,2025-06-12
4258,926,29,2,2025-04-22
4259,77,47,2,2025-07-02
4260,527,46,1,2025-04-14
4261,433,64,4,2025-02-21
4262,175,48,1,2025-06-10
4263,347,87,2,2024-12-10
4264,852,70,1,2024-11-01
4265,298,39,4,2025-05-05
4266,301,34,2,2025-08-15
4267,3,95,5,2025-02-24
4268,404,28,3,2025-01-03
4269,952,83,5,2025-06-18
4270,846,5,4,2025-04-12
4271,914,80,4,2025-02-21
4272,59,46,1,2025-09-01
4273,631,59,3,2024-11-05
4274,306,46,1,2025-09-13
4275,6,45,2,2025-07-24
4276,412,46,1,2025-08-19
4277,104,56,4,2025-01-14
4278,203,11,5,2025-04-25
4279,527,20,4,2024-10-29
4280,127,63,1,2025-09-29
4281,160,99,3,2025-03-09
4282,232,61,4,2024-10-13
4283,384,39,3,2025-04-17
4284,439,24,5,2025-05-31
4285,832,35,1,2025-01-07
4286,450,85,4,2025-03-28
4287,166,18,3,2025-07-30
4288,766,56,1,2025-09-23
4289,368,91,2,2024-12-27
4290,114,25,3,2024-12-20
4291,42,18,4,2025-05-24
4292,432,96,3,2024-12-17
4293,923,5,2,2024-10-03
4294,683,26,4,2024-12-27
4295,983,86,3,2024-10-06
4296,122,54,4,2025-05-11
4297,564,64,2,2025-08-01
4298,333,97,4,2025-02-27
4299,514,93,4,2025-04-18
4300,135,15,1,2025-04-24
4301,812,3,2,2025-02-26
4302,160,45,5,2025-08-05
4303,14,99,2,2025-04-29
4304,54,87,3,2025-05-16
4305,440,77,1,2025-08-20
4306,445,62,3,2025-09-22
4307,289,63,1,2025-06-29
4308,780,55,2,2025-06-14
4309,633,20,5,2025-09-23
4310,192,32,3,2025-07-20
4311,786,15,3,2025-01-03
4312,718,32,4,2025-02-11
4313,204,61,1,2025-08-24
4314,718,94,5,2025-09-06
4315,626,24,2,2025-01-24
4316,876,76,2,2025-02-06
4317,235,16,2,2025-09-14
4318,411,5,3,2024-11-17
4319,197,19,4,2025-08-09
4320,19,79,2,2025-09-24
4321,94,7,4,2024-12-28
4322,418,68,3,2025-04-14
4323,717,82,2,2024-11-15
4324,228,44,4,2025-09-23
4325,491,8,5,2025-07-13
4326,438,83,1,2025-04-02
4327,312,15,3,2025-03-22
4328,373,36,3,2025-01-21
4329,729,54,2,2025-07-21
4330,328,7,2,2025-05-08
4331,42,1,1,2025-06-19
4332,677,96,3,2025-06-18
4333,218,37,4,2025-05-23
4334,287,78,1,2025-04-19
4335,442,24,3,2025-09-24
4336,972,63,3,2025-03-18
4337,343,39,1,2025-04-27
4338,100,86,1,2024-10-18
4339,700,71,2,2025-05-13
4340,340,47,3,2025-03-29
4341,761,100,5,2025-03-07
4342,542,78,3,2025-09-12
4343,244,84,3,2024-11-30
4344,216,75,4,2025-04-21
4345,90,14,2,2025-04-21
4346,645,96,5,2024-10-20
4347,124,6,5,2025-02-03
4348,992,84,2,2025-08-12
4349,198,91,4,2024-11-22
4350,948,13,1,2025-06-05
4351,965,70,5,2024-10-22
4352,352,39,4,2025-06-19
4353,780,26,5,2025-04-25
4354,739,20,1,2025-09-10
4355,131,25,4,2025-06-22
4356,564,92,3,2025-06-17
4357,913,98,5,2025-03-27
4358,999,45,3,2025-06-13
4359,460,81,1,2025-09-09
4360,933,56,1,2025-09-24
4361,495,54,5,2024-12-16
4362,954,65,1,2025-03-13
4363,171,77,3,2025-04-14
4364,714,17,3,2025-06-02
4365,47,73,1,2025-01-27
4366,814,89,2,2025-04-25
4367,759,51,4,2025-08-15
4368,702,69,5,2025-09-10
4369,995,10,2,2024-11-20
4370,449,97,5,2025-04-14
4371,394,72,4,2025-06-05
4372,411,78,3,2025-01-22
4373,212,24,1,2024-10-01
4374,164,74,2,2025-05-10
4375,607,90,1,2025-06-16
4376,901,66,4,2025-02-07
4377,516,91,5,2024-11-11
4378,266,39,2,2025-09-21
4379,304,91,3,2025-05-11
4380,566,16,2,2025-04-10
4381,230,6,5,2025-06-23
4382,244,38,1,2025-06-24
4383,655,19,3,2024-12-29
4384,950,18,3,2025-05-07
4385,895,7,2,2025-07-03
4386,844,27,5,2024-12-03
4387,119,1,3,2024-12-04
4388,648,78,3,2025-05-24
4389,333,11,5,2025-03-29
4390,271,93,2,2024-11-11
4391,419,79,3,2024-10-31
4392,333,8,1,2025-09-10
4393,844,46,2,2025-04-27
4394,749,36,2,2025-09-11
4395,263,3,5,2025-02-17
4396,674,100,5,2025-02-25
4397,109,93,4,2025-06-10
4398,969,84,3,2024-11-18
4399,891,81,5,2025-02-01
4400,565,27,4,2024-11-03
4401,226,42,3,2025-02-05
4402,209,75,4,2025-06-14
4403,160,58,2,2025-08-16
4404,748,93,4,2025-03-30
4405,378,19,4,2024-12-05
4406,96,64,2,2025-02-22
4407,471,24,2,2024-12-20
4408,194,73,4,2025-09-24
4409,966,94,2,2025-05-18
4410,664,37,1,2025-01-31
4411,318,21,2,2025-07-01
4412,838,51,5,2025-04-08
4413,193,9,2,2024-10-06
4414,74,55,2,2025-05-08
4415,466,83,4,2025-09-23
4416,103,93,5,2024-10-20
4417,141,94,1,2025-02-12
4418,618,13,4,2024-11-29
4419,394,3,1,2025-09-16
4420,847,2,1,2025-04-10
4421,136,32,1,2024-09-30
4422,275,19,5,2025-02-16
4423,14,2,1,2024-10-09
4424,556,95,3,2025-08-26
4425,874,91,1,2025-04-23
4426,208,18,4,2025-08-09
4427,778,73,4,2025-09-13
4428,836,21,3,2024-12-06
4429,340,62,2,2025-05-14
4430,250,8,5,2024-12-04
4431,709,35,5,2024-12-17
4432,127,3,1,2025-02-02
4433,106,70,3,2025-08-14
4434,106,66,4,2025-08-29
4435,146,1,2,2025-05-06
4436,25,30,4,2025-04-27
4437,395,19,3,2025-08-21
4438,672,37,2,2025-06-14
4439,944,88,4,2025-08-16
4440,704,92,1,2024-12-02
4441,504,22,1,2024-11-22
4442,230,14,3,2025-07-25
4443,366,10,5,2024-10-10
4444,342,16,3,2024-10-13
4445,946,11,1,2025-04-13
4446,620,20,2,2025-09-14
4447,439,68,3,2025-09-08
4448,615,24,4,2025-07-21
4449,154,86,3,2025-01-21
4450,640,37,3,2025-01-13
4451,897,14,3,2025-02-03
4452,939,64,3,2024-12-04
4453,956,34,1,2025-04-06
4454,808,1,2,2025-08-24
4455,797,84,2,2025-03-30
4456,328,19,4,2025-05-07
4457,458,93,4,2025-09-29
4458,835,9,1,2025-08-31
4459,592,55,3,2025-09-07
4460,149,12,3,2025-09-03
4461,131,24,4,2025-04-17
4462,362,41,4,2025-02-18
4463,435,62,4,2025-03-11
4464,617,82,3,2024-11-10
4465,142,84,2,2025-04-19
4466,393,54,5,2025-01-30
4467,510,69,5,2025-02-09
4468,505,69,5,2024-12-25
4469,842,30,4,2025-07-25
4470,86,75,4,2024-12-06
4471,540,74,2,2025-02-23
4472,720,12,2,2025-02-07
4473,371,1,2,2025-08-30
4474,872,3,3,2025-09-01
4475,572,61,2,2025-07-22
4476,944,15,1,2025-08-27
4477,934,45,3,2025-06-14
4478,870,100,2,2025-08-02
4479,302,59,2,2024-11-04
4480,856,71,4,2025-04-07
4481,249,27,2,2025-05-29
4482,58,96,2,2025-01-24
4483,121,90,2,2025-04-10
4484,387,94,1,2025-04-27
4485,713,55,3,2025-04-11
4486,56,90,1,2025-02-20
4487,679,75,1,2025-04-16
4488,489,77,2,2024-12-11
4489,31,19,3,2025-01-24
4490,145,11,2,2025-03-11
4491,79,2,5,2024-12-10
4492,852,54,2,2025-09-09
4493,784,24,4,2025-03-04
4494,762,18,5,2025-03-07
4495,716,39,4,2024-10-29
4496,422,93,3,2024-10-07
4497,455,83,1,2024-11-06
4498,294,15,2,2025-04-22
4499,62,83,1,2025-05-10
4500,619,97,2,2025-01-18
4501,516,21,1,2025-09-27
4502,406,55,4,2025-07-08
4503,568,92,3,2025-07-08
4504,942,74,5,2025-06-11
4505,314,91,2,2025-04-10
4506,434,21,3,2024-10-14
4507,997,12,5,2025-09-10
4508,387,17,2,2025-01-19
4509,411,80,1,2025-05-02
4510,225,51,2,2025-08-24
4511,843,96,5,2025-04-15
4512,620,10,4,2025-05-21
4513,489,41,4,2025-06-26
4514,848,49,2,2025-04-12
4515,56,48,4,2024-10-16
4516,200,35,1,2025-01-17
4517,107,10,3,2024-12-06
4518,618,100,3,2025-09-16
4519,29,31,3,2024-10-18
4520,167,70,1,2025-07-28
4521,67,28,5,2025-08-14
4522,12,97,3,2025-06-26
4523,193,71,2,2025-04-08
4524,654,5,2,2024-12-03
4525,276,11,5,2025-02-11
4526,579,6,5,2025-06-11
4527,810,62,1,2025-08-28
4528,50,41,1,2024-11-04
4529,967,40,1,2025-09-11
4530,366,97,3,2025-08-21
4531,982,51,5,2025-06-16
4532,200,41,4,2024-10-25
4533,744,46,2,2024-12-12
4534,720,87,1,2024-12-13
4535,340,53,5,2025-05-21
4536,104,65,2,2024-10-04
4537,25,76,4,2025-09-01
4538,489,76,1,2024-12-13
4539,298,21,2,2025-06-08
4540,699,60,1,2025-09-02
4541,907,81,1,2024-09-30
4542,976,92,2,2024-12-25
4543,906,28,2,2025-07-23
4544,788,92,2,2025-07-30
4545,987,65,5,2025-09-24
4546,747,78,5,2025-09-25
4547,953,99,3,2025-07-28
4548,459,17,3,2025-02-12
4549,298,47,5,2025-08-01
4550,877,56,1,2024-10-15
4551,913,92,4,2024-11-19
4552,245,27,5,2024-12-28
4553,622,10,2,2025-05-31
4554,581,81,4,2025-08-17
4555,100,2,2,2025-03-02
4556,785,40,5,2025-04-25
4557,889,12,4,2025-08-11
4558,97,59,3,2025-05-16
4559,174,38,2,2024-12-12
4560,70,36,5,2025-08-16
4561,373,46,1,2025-06-25
4562,73,23,4,2025-01-06
4563,265,61,3,2025-06-08
4564,782,57,2,2025-02-28
4565,963,16,5,2025-02-27
4566,500,6,3,2025-01-08
4567,880,37,4,2025-08-24
4568,419,80,2,2025-07-24
4569,452,47,5,2025-03-26
4570,866,80,3,2025-05-06
4571,383,11,4,2025-05-16
4572,519,58,3,2025-02-20
4573,899,88,1,2025-06-10
4574,636,83,1,2025-03-12
4575,759,32,5,2025-05-29
4576,9,20,1,2024-12-19
4577,298,49,2,2025-05-20
4578,584,52,1,2024-11-10
4579,229,50,4,2025-08-25
4580,686,12,3,2025-03-26
4581,478,60,5,2024-12-05
4582,922,60,1,2025-01-26
4583,88,24,1,2025-09-09
4584,940,51,4,2024-12-31
4585,205,52,3,2025-06-05
4586,67,41,3,2025-09-04
4587,619,63,2,2025-02-21
4588,720,95,4,2025-04-13
4589,118,36,4,2025-01-11
4590,40,70,2,2025-04-25
4591,972,61,2,2024-11-07
4592,656,28,3,2024-11-11
4593,582,5,5,2025-07-27
4594,793,49,1,2025-08-18
4595,959,47,4,2025-09-11
4596,485,28,1,2025-04-20
4597,217,3,4,2025-03-30
4598,277,33,2,2024-11-14
4599,86,19,1,2025-09-28
4600,281,52,1,2025-03-19
4601,306,92,4,2024-11-08
4602,893,54,5,2024-12-21
4603,220,86,3,2025-07-30
4604,189,7,1,2024-12-05
4605,917,55,3,2025-07-05
4606,987,97,3,2025-07-21
4607,169,26,3,2024-12-26
4608,965,54,4,2025-05-12
4609,487,69,2,2025-03-08
4610,989,90,4,2024-11-20
4611,364,89,5,2025-05-05
4612,399,2,5,2024-10-14
4613,802,77,2,2025-09-05
4614,80,93,5,2025-07-06
4615,632,19,3,2024-12-07
4616,681,94,3,2024-12-15
4617,15,20,4,2025-01-23
4618,957,19,4,2025-04-25
4619,886,41,1,2025-09-11
4620,812,87,4,2025-01-31
4621,270,67,1,2025-09-11
4622,462,17,4,2025-09-01
4623,655,75,1,2025-02-04
4624,38,28,2,2024-12-11
4625,431,90,5,2025-05-22
4626,793,22,5,2025-02-19
4627,387,28,3,2024-11-24
4628,215,25,5,2025-01-13
4629,979,2,3,2024-10-22
4630,834,47,1,2024-12-05
4631,310,40,5,2024-12-09
4632,839,16,4,2025-05-27
4633,665,59,4,2025-03-08
4634,421,46,3,2025-08-13
4635,849,70,4,2024-10-24
4636,536,98,3,2024-12-27
4637,117,23,4,2025-04-10
4638,439,48,2,2025-04-20
4639,567,77,2,2024-11-20
4640,556,56,4,2025-09-16
4641,292,85,4,2024-10-19
4642,650,37,5,2025-06-06
4643,961,13,1,2025-02-26
4644,826,14,1,2025-04-12
4645,666,3,5,2025-05-13
4646,955,53,1,2024-11-30
4647,509,96,5,2025-09-05
4648,950,70,1,2025-02-11
4649,649,57,5,2024-11-20
4650,596,5,3,2024-11-05
4651,873,54,2,2024-12-23
4652,229,100,4,2025-02-15
4653,565,49,1,2025-04-22
4654,201,61,1,2025-07-23
4655,360,60,4,2025-07-07
4656,930,83,4,2024-11-11
4657,8,48,2,2024-12-20
4658,520,37,3,2025-05-16
4659,901,85,3,2025-04-23
4660,315,54,2,2024-10-26
4661,5,54,1,2025-05-24
4662,16,4,2,2025-08-28
4663,810,48,5,2025-09-07
4664,840,95,5,2025-05-22
4665,326,43,2,2025-01-10
4666,983,74,4,2025-05-12
4667,248,72,4,2025-03-12
4668,198,79,4,2025-06-29
4669,849,7,5,2025-06-05
4670,440,17,4,2025-05-11
4671,746,23,4,2025-02-02
4672,926,41,5,2025-09-25
4673,163,56,2,2025-03-14
4674,102,91,2,2025-08-31
4675,517,16,5,2024-11-24
4676,804,51,3,2025-04-13
4677,858,71,2,2025-02-07
4678,972,42,2,2024-11-20
4679,96,12,1,2025-05-20
4680,448,2,5,2024-12-01
4681,157,4,5,2025-09-18
4682,725,70,1,2025-09-29
4683,586,49,1,2025-08-17
4684,761,94,2,2025-02-10
4685,465,82,3,2024-10-06
4686,192,31,2,2025-07-20
4687,305,25,5,2024-11-20
4688,861,32,4,2025-03-16
4689,789,34,1,2025-06-16
4690,282,11,2,2025-04-15
4691,643,3,5,2024-12-21
4692,888,14,1,2025-02-23
4693,471,77,1,2025-08-02
4694,110,19,3,2025-02-05
4695,269,24,1,2025-09-08
4696,80,64,3,2025-03-02
4697,935,27,4,2025-02-28
4698,104,63,1,2025-06-24
4699,424,10,4,2025-03-10
4700,983,81,1,2025-02-18
4701,216,88,4,2025-02-09
4702,385,41,4,2025-01-26
4703,828,21,2,2025-02-21
4704,306,2,2,2025-06-20
4705,676,73,5,2024-12-13
4706,876,5,1,2024-12-17
4707,1000,44,3,2024-12-07
4708,496,79,5,2024-12-09
4709,560,1,2,2025-08-14
4710,535,95,3,2025-05-28
4711,949,16,2,2025-05-13
4712,621,4,5,2025-08-24
4713,24,67,5,2025-04-17
4714,780,20,2,2025-07-05
4715,888,47,1,2025-02-25
4716,921,28,1,2025-05-22
4717,336,18,2,2024-12-16
4718,86,94,2,2024-11-19
4719,275,36,4,2024-11-07
4720,205,12,3,2025-05-25
4721,726,71,3,2025-01-16
4722,479,96,4,2025-07-30
4723,447,66,4,2025-07-09
4724,945,25,3,2025-05-15
4725,178,26,3,2024-10-17
4726,985,51,1,2024-12-17
4727,598,99,5,2025-04-18
4728,320,22,2,2024-11-25
4729,977,93,4,2025-02-16
4730,444,58,4,2025-04-06
4731,611,96,3,2024-12-03
4732,836,41,5,2025-03-10
4733,111,78,4,2025-06-09
4734,440,26,5,2025-02-17
4735,362,48,1,2025-05-31
4736,461,22,1,2025-01-07
4737,982,66,3,2025-06-29
4738,601,53,3,2025-04-23
4739,619,83,5,2024-11-25
4740,361,51,1,2025-02-23
4741,118,24,3,2025-07-12
4742,440,24,3,2024-12-10
4743,252,10,2,2025-02-26
4744,673,48,3,2025-03-19
4745,149,100,3,2025-08-12
4746,126,2,3,2024-11-15
4747,705,2,3,2025-09-04
4748,219,60,5,2025-01-22
4749,815,42,2,2025-09-05
4750,576,9,4,2025-05-11
4751,291,78,2,2025-06-25
4752,540,28,1,2025-08-15
4753,575,36,5,2025-06-03
4754,969,86,1,2025-07-14
4755,588,83,4,2024-10-30
4756,699,97,4,2024-10-02
4757,326,41,2,2025-08-10
4758,202,7,4,2024-10-18
4759,511,6,3,2025-08-07
4760,432,16,1,2025-01-21
4761,464,22,5,2025-08-25
4762,335,76,4,2024-12-12
4763,243,74,1,2024-11-23
4764,292,3,5,2024-12-15
4765,5,60,3,2025-08-02
4766,135,52,1,2025-02-08
4767,918,69,5,2025-08-27
4768,41,44,1,2025-04-30
4769,72,61,1,2025-07-29
4770,850,54,3,2025-03-21
4771,282,41,3,2025-06-13
4772,410,11,5,2025-01-13
4773,794,41,4,2024-11-05
4774,628,7,4,2025-04-22
4775,306,90,4,2025-08-24
4776,506,83,1,2024-11-23
4777,864,48,5,2025-02-27
4778,106,4,2,2025-04-11
4779,49,2,2,2025-05-13
4780,108,42,4,2024-11-25
4781,232,22,1,2025-04-19
4782,196,93,3,2025-03-19
4783,836,69,1,2025-09-23
4784,957,89,1,2025-06-08
4785,266,6,1,2025-08-25
4786,50,39,1,2025-09-21
4787,271,43,5,2025-05-29
4788,811,49,3,2024-11-21
4789,716,22,2,2025-03-10
4790,598,59,1,2025-07-02
4791,130,41,2,2024-11-17
4792,772,75,4,2025-02-15
4793,653,58,1,2025-02-14
4794,535,68,2,2024-11-30
4795,592,62,4,2024-10-06
4796,1000,36,3,2025-06-07
4797,792,94,4,2025-07-25
4798,232,12,3,2025-09-04
4799,785,38,1,2025-05-01
4800,362,72,2,2024-12-04
4801,676,83,2,2025-08-22
4802,712,10,1,2025-09-19
4803,996,64,1,2025-09-10
4804,218,2,2,2025-04-24
4805,480,50,2,2025-08-19
4806,500,14,3,2025-09-25
4807,214,76,5,2025-08-19
4808,527,41,3,2024-10-24
4809,726,59,2,2024-11-17
4810,869,65,1,2025-01-16
4811,937,17,2,2025-02-20
4812,939,47,4,2024-11-22
4813,999,58,5,2025-09-27
4814,526,26,4,2025-07-15
4815,193,9,3,2025-05-31
4816,434,22,3,2025-09-15
4817,975,74,1,2025-01-24
4818,151,60,1,2025-06-16
4819,763,15,2,2025-09-11
4820,17,59,2,2024-10-29
4821,274,4,4,2025-05-07
4822,678,68,4,2025-07-18
4823,361,34,1,2024-10-04
4824,950,71,1,2025-08-21
4825,363,56,2,2025-02-28
4826,155,51,5,2024-11-29
4827,442,66,3,2025-08-06
4828,55,57,3,2024-12-08
4829,379,13,1,2025-01-09
4830,665,49,4,2025-04-07
4831,199,38,2,2025-08-30
4832,413,23,5,2025-03-27
4833,283,68,5,2025-08-26
4834,506,67,4,2024-10-18
4835,112,88,1,2024-12-25
4836,662,32,1,2025-01-19
4837,225,15,1,2025-03-12
4838,917,5,5,2025-03-06
4839,273,31,1,2024-10-13
4840,545,13,3,2025-06-30
4841,232,80,4,2025-07-04
4842,402,51,1,2025-03-15
4843,226,94,3,2024-10-28
4844,508,27,2,2025-04-18
4845,805,27,3,2024-11-15
4846,653,37,5,2025-09-22
4847,295,94,1,2025-05-15
4848,97,24,5,2025-06-24
4849,930,90,5,2024-10-06
4850,489,95,3,2025-02-15
4851,874,89,2,2025-08-26
4852,175,41,1,2025-02-15
4853,171,24,3,2024-10-12
4854,922,59,2,2025-06-01
4855,986,2,4,2025-06-11
4856,439,43,1,2025-01-29
4857,182,34,1,2025-07-19
4858,175,87,1,2025-08-07
4859,609,46,4,2025-07-12
4860,598,1,4,2025-02-25
4861,895,32,4,2025-02-01
4862,113,6,1,2025-09-09
4863,581,88,3,2025-06-19
4864,856,30,5,2025-04-19
4865,516,22,2,2025-03-26
4866,794,13,1,2025-01-04
4867,312,95,3,2025-08-29
4868,464,63,3,2025-08-31
4869,559,33,4,2024-10-30
4870,260,47,4,2025-05-30
4871,14,46,3,2025-01-23
4872,728,43,5,2025-04-03
4873,794,85,5,2024-11-09
4874,496,15,3,2025-07-22
4875,703,67,1,2025-07-21
4876,152,53,2,2024-11-07
4877,676,19,3,2024-10-26
4878,510,4,2,2025-02-12
4879,592,95,4,2024-11-24
4880,369,27,1,2025-07-19
4881,199,49,1,2025-07-11
4882,989,36,5,2025-08-11
4883,921,58,5,2024-10-02
4884,180,34,3,2024-10-03
4885,910,43,4,2025-07-21
4886,604,54,3,2025-08-13
4887,317,25,1,2025-05-12
4888,594,67,3,2024-11-25
4889,855,79,1,2025-05-16
4890,444,59,5,2025-08-13
4891,992,45,3,2025-03-16
4892,113,2,4,2025-08-14
4893,950,88,2,2025-07-13
4894,478,88,2,2024-11-06
4895,536,38,5,2024-11-12
4896,572,86,2,2025-06-13
4897,311,63,3,2024-12-11
4898,67,38,1,2025-06-29
4899,465,6,2,2024-10-28
4900,290,76,1,2024-11-01
4901,55,63,3,2025-09-12
4902,6,56,3,2024-09-30
4903,677,1,1,2025-07-15
4904,258,18,3,2024-12-23
4905,900,37,5,2024-10-17
4906,682,99,5,2024-10-28
4907,159,12,3,2025-01-24
4908,147,94,2,2025-04-10
4909,443,75,1,2025-03-22
4910,298,29,1,2024-12-10
4911,485,46,2,2025-09-25
4912,832,87,4,2025-05-08
4913,433,52,1,2024-12-06
4914,915,34,3,2025-01-12
4915,612,40,2,2025-06-03
4916,578,56,3,2025-08-11
4917,824,75,2,2024-10-21
4918,700,99,2,2024-12-05
4919,257,18,4,2024-10-01
4920,568,26,3,2024-12-02
4921,313,11,3,2024-12-10
4922,581,81,4,2024-11-20
4923,559,24,4,2025-04-15
4924,802,56,1,2025-09-20
4925,142,68,4,2025-06-12
4926,711,41,5,2025-06-13
4927,958,88,3,2024-10-26
4928,480,46,4,2024-12-06
4929,478,54,4,2025-01-24
4930,473,4,5,2025-09-27
4931,28,99,4,2024-11-27
4932,91,97,2,2025-05-19
4933,630,39,2,2025-05-03
4934,595,66,3,2025-05-07
4935,131,80,5,2025-04-02
4936,922,73,3,2025-01-11
4937,55,97,4,2025-03-04
4938,129,52,1,2025-07-27
4939,474,98,5,2025-06-25
4940,472,7,1,2025-04-11
4941,57,35,1,2025-05-26
4942,342,77,1,2025-09-18
4943,842,38,5,2024-12-30
4944,494,89,3,2025-07-02
4945,886,8,1,2024-10-22
4946,759,75,5,2024-10-21
4947,758,92,1,2025-02-01
4948,719,27,5,2025-06-24
4949,148,72,4,2025-05-13
4950,140,29,2,2025-07-25
4951,309,81,3,2024-10-28
4952,737,1,4,2025-07-05
4953,639,89,2,2025-06-18
4954,118,9,1,2024-10-03
4955,157,78,1,2025-06-28
4956,533,13,2,2024-10-31
4957,210,14,4,2025-05-02
4958,26,65,4,2025-08-30
4959,401,8,1,2025-02-08
4960,308,52,4,2025-06-05
4961,189,31,5,2025-06-04
4962,267,79,4,2024-10-23
4963,880,85,5,2025-01-03
4964,127,56,2,2025-08-02
4965,652,3,2,2025-03-12
4966,146,96,2,2025-06-27
4967,175,66,5,2025-03-23
4968,206,61,4,2025-03-30
4969,297,38,1,2025-07-05
4970,983,76,4,2025-01-21
4971,377,86,3,2025-09-29
4972,401,50,1,2024-12-07
4973,476,54,4,2025-05-01
4974,152,4,3,2024-10-14
4975,469,16,5,2025-02-05
4976,399,2,5,2025-03-18
4977,311,5,5,2025-03-16
4978,456,6,3,2025-09-01
4979,986,18,4,2025-08-04
4980,904,93,4,2025-09-19
4981,284,2,2,2025-03-17
4982,367,65,5,2025-08-24
4983,216,45,5,2025-03-13
4984,400,66,1,2024-11-20
4985,179,84,2,2025-06-30
4986,361,84,5,2025-03-01
4987,348,59,2,2024-10-07
4988,286,98,3,2024-11-19
4989,946,51,1,2025-01-22
4990,939,83,4,2025-09-26
4991,386,61,5,2025-05-18
4992,675,24,5,2025-02-22
4993,726,65,5,2024-10-04
4994,266,17,3,2025-07-15
4995,603,75,3,2025-05-29
4996,599,80,4,2024-12-01
4997,70,6,1,2025-05-04
4998,873,94,2,2024-12-05
4999,238,13,1,2024-11-02
5000,512,87,4,2025-02-19
